open_dt,close_dt,volume,pnl,pnl_pips,direction,entry_price,exit_price,max_dd,duration_bars,balance
2017-03-23 14:00:00,2017-03-24 01:00:00,100000.0,185.41666666667084,-204.00000000000415,sell,1.07672,1.07876,261.0000000000001,11,10190.000000000004
2017-03-27 04:00:00,2017-03-27 07:00:00,101900.00000000004,155.65224999999026,-167.99999999999037,buy,1.08612,1.08444,187.0000000000038,3,10346.925999999994
2017-03-27 10:00:00,2017-03-27 13:00:00,103469.25999999994,261.5185546500014,-268.00000000000153,buy,1.08927,1.08659,296.9999999999917,3,10609.737920399995
2017-03-27 14:00:00,2017-03-27 17:00:00,106097.37920399995,184.34419636694432,-188.9999999999947,sell,1.08643,1.08832,262.00000000000665,3,10795.408334006988
2017-03-27 22:00:00,2017-03-28 17:00:00,10000.0,26.60833333333327,-287.9999999999993,sell,1.0834,1.08628,379.0000000000182,19,10822.808334006986
2017-03-28 17:00:00,2017-03-28 19:00:00,10000.0,12.41666666666891,-139.00000000002242,sell,1.08082,1.0822100000000001,150.00000000000568,2,10835.308334006986
2017-04-03 08:00:00,2017-04-03 11:00:00,108353.08334006986,134.0869406333367,-139.00000000000023,sell,1.06558,1.06697,167.00000000000603,3,10970.749688182072
2017-04-03 22:00:00,2017-04-04 08:00:00,10000.0,11.983333333334922,-138.0000000000159,sell,1.06513,1.06651,226.00000000001506,10,10983.14968818207
2017-04-04 08:00:00,2017-04-04 11:00:00,10000.0,15.074999999999948,-165.99999999999946,sell,1.06426,1.06592,201.0000000000067,3,10998.349688182067
2017-04-04 11:00:00,2017-04-04 15:00:00,10000.0,12.533333333332447,-140.99999999999113,buy,1.06623,1.06482,160.00000000000458,4,11011.049688182064
2017-04-04 16:00:00,2017-04-04 21:00:00,10000.0,9.591666666666764,-112.00000000000098,buy,1.06724,1.06612,248.00000000000375,5,11020.849688182063
2017-04-10 11:00:00,2017-04-10 14:00:00,110208.49688182064,196.9976881762602,-194.00000000000526,buy,1.05953,1.05759,230.00000000001907,3,11219.224982569345
2017-04-11 01:00:00,2017-04-11 09:00:00,10000.0,10.266666666667565,-120.00000000000898,buy,1.05993,1.05873,212.9999999999965,8,11229.824982569344
2017-04-11 09:00:00,2017-04-11 15:00:00,10000.0,17.449999999998564,-190.99999999998562,buy,1.06266,1.06075,217.0000000000005,6,11247.524982569339
2017-04-11 15:00:00,2017-04-12 03:00:00,10000.0,9.399999999998533,-112.99999999998532,sell,1.06007,1.0612,139.00000000000023,12,11257.424982569335
2017-04-12 03:00:00,2017-04-12 07:00:00,10000.0,9.633333333333432,-112.00000000000098,buy,1.06136,1.06024,138.0000000000159,4,11267.224982569332
2017-04-16 22:00:00,2017-04-17 01:00:00,112672.24982569332,134.9250191662635,-134.99999999999622,buy,1.06185,1.0605,146.00000000000168,3,11403.558404858417
2017-04-17 05:00:00,2017-04-17 08:00:00,114035.58404858418,196.99647144394103,-188.00000000001037,buy,1.06365,1.0617699999999999,224.00000000000196,3,11601.980321102963
2017-04-17 09:00:00,2017-04-17 12:00:00,116019.80321102962,155.17648679475113,-148.99999999999912,buy,1.06403,1.06254,161.0000000000111,3,11758.607055437853
2017-04-17 12:00:00,2017-04-17 15:00:00,117586.07055437853,171.3816978330198,-161.0000000000111,buy,1.06617,1.06456,198.00000000000927,3,11931.458579152802
2017-04-17 17:00:00,2017-04-17 19:00:00,119314.58579152802,105.19569313954085,-103.00000000000863,sell,1.06428,1.06531,142.00000000001987,2,12037.648560507274
2017-04-23 21:00:00,2017-04-24 01:00:00,120376.48560507275,522.8352024780264,-449.9999999999948,sell,1.08507,1.08957,473.9999999999966,4,12562.490037745381
2017-04-24 22:00:00,2017-04-25 09:00:00,10000.0,22.141666666666246,-239.99999999999577,buy,1.08908,1.08668,400.00000000000034,11,12585.09003774538
2017-04-25 09:00:00,2017-04-25 15:00:00,10000.0,41.450000000000365,-431.0000000000036,buy,1.0926500000000001,1.08834,562.000000000018,6,12626.790037745379
2017-04-25 15:00:00,2017-04-26 08:00:00,10000.0,22.99166666666679,-251.0000000000012,sell,1.09142,1.09393,360.9999999999891,17,12650.490037745376
2017-04-26 08:00:00,2017-04-26 15:00:00,10000.0,22.808333333333966,-245.0000000000063,sell,1.08767,1.09012,303.0000000000088,7,12673.590037745375
2017-05-01 10:00:00,2017-05-01 13:00:00,126735.90037745376,185.9849338039358,-162.00000000003988,buy,1.0915300000000003,1.08991,196.00000000004056,3,12861.159170304029
2017-05-02 05:00:00,2017-05-02 08:00:00,10000.0,7.774999999998753,-92.99999999998752,sell,1.09078,1.09171,142.999999999982,3,12869.059170304025
2017-05-02 09:00:00,2017-05-02 12:00:00,10000.0,9.075000000000609,-106.00000000000608,sell,1.0906,1.09166,130.00000000000787,3,12878.259170304023
2017-05-02 14:00:00,2017-05-02 18:00:00,10000.0,14.033333333333392,-156.00000000000057,buy,1.09174,1.09018,197.0000000000027,4,12892.459170304022
2017-05-02 18:00:00,2017-05-03 09:00:00,10000.0,10.375000000001299,-124.00000000001297,sell,1.09126,1.0925,235.00000000000742,15,12903.459170304024
2017-05-07 21:00:00,2017-05-07 23:00:00,129034.59170304025,198.92832887554505,-169.00000000001913,sell,1.09936,1.10105,196.00000000001836,2,13103.462787443761
2017-05-08 03:00:00,2017-05-08 06:00:00,131034.62787443762,248.63820639173034,-204.99999999998852,buy,1.09923,1.09718,314.9999999999986,3,13353.738926683922
2017-05-08 06:00:00,2017-05-08 08:00:00,133537.38926683922,323.3830443412201,-257.0000000000183,sell,1.09567,1.09824,284.00000000001756,2,13678.234782602365
2017-05-08 22:00:00,2017-05-09 07:00:00,10000.0,15.624999999998527,-173.99999999998525,sell,1.09068,1.09242,261.0000000000001,9,13694.234782602362
2017-05-09 07:00:00,2017-05-09 09:00:00,10000.0,14.016666666666069,-154.99999999999403,sell,1.09067,1.09222,190.00000000000125,2,13708.33478260236
2017-05-15 08:00:00,2017-05-15 11:00:00,137083.3478260236,287.53232206509614,-225.0000000000085,buy,1.09681,1.09456,238.00000000000486,3,13997.580646515282
2017-05-15 22:00:00,2017-05-16 05:00:00,10000.0,7.508333333333652,-92.00000000000318,buy,1.09906,1.09814,124.99999999999733,7,14005.38064651528
2017-05-16 05:00:00,2017-05-16 07:00:00,10000.0,18.716666666667997,-202.00000000001327,buy,1.10125,1.09923,219.0000000000136,2,14024.180646515279
2017-05-16 07:00:00,2017-05-16 09:00:00,10000.0,12.716666666666434,-141.99999999999767,buy,1.10436,1.10294,161.0000000000111,2,14036.980646515276
2017-05-16 09:00:00,2017-05-16 13:00:00,10000.0,29.733333333334105,-313.0000000000077,buy,1.10762,1.10449,365.0000000000153,4,14066.880646515276
2017-05-21 22:00:00,2017-05-22 01:00:00,140668.80646515277,231.75185865134253,-180.00000000000236,sell,1.1187,1.1205,224.00000000000196,3,14300.390865247433
2017-05-22 05:00:00,2017-05-22 08:00:00,143003.90865247435,267.0597994084831,-201.99999999999105,sell,1.11721,1.11923,285.0000000000019,3,14569.238213514072
2017-05-22 08:00:00,2017-05-22 10:00:00,145692.3821351407,443.1476623277235,-319.0000000000026,buy,1.12004,1.11685,348.99999999999926,2,15013.599979026254
2017-05-22 11:00:00,2017-05-22 14:00:00,150135.99979026255,283.3816996041268,-204.00000000000415,buy,1.12558,1.12354,225.99999999999287,3,15298.858378627758
2017-05-22 22:00:00,2017-05-23 10:00:00,10000.0,15.800000000000495,-177.00000000000492,buy,1.12566,1.12389,351.0000000000124,12,15315.158378627755
2017-05-29 19:00:00,2017-05-29 22:00:00,153151.58378627757,255.38026596360757,-181.99999999999326,sell,1.11518,1.117,197.99999999998707,3,15572.453039388694
2017-05-29 22:00:00,2017-05-30 02:00:00,10000.0,11.233333333335032,-128.00000000001697,sell,1.11241,1.11369,150.00000000000568,4,15583.853039388694
2017-05-30 05:00:00,2017-05-30 07:00:00,10000.0,11.216666666665489,-126.99999999998822,buy,1.11292,1.11165,203.99999999998195,2,15595.153039388691
2017-05-30 07:00:00,2017-05-30 10:00:00,10000.0,20.4749999999998,-219.99999999999795,buy,1.11632,1.11412,272.9999999999899,3,15615.753039388688
2017-05-30 10:00:00,2017-05-30 12:00:00,10000.0,16.616666666665342,-180.9999999999867,buy,1.11723,1.11542,268.00000000000153,2,15632.453039388685
2017-06-05 08:00:00,2017-06-05 11:00:00,156324.53039388685,398.236741178415,-269.99999999999244,sell,1.12433,1.12703,279.99999999999136,3,16032.643837197022
2017-06-05 22:00:00,2017-06-06 02:00:00,10000.0,10.933333333333067,-124.99999999999733,buy,1.1271,1.12585,164.99999999999292,4,16043.74383719702
2017-06-06 02:00:00,2017-06-06 08:00:00,10000.0,18.94999999999951,-205.99999999999505,sell,1.12501,1.12707,270.999999999999,6,16062.94383719702
2017-06-06 08:00:00,2017-06-06 14:00:00,10000.0,12.350000000000678,-140.00000000000676,buy,1.1266,1.1252,262.00000000000665,6,16075.54383719702
2017-06-06 14:00:00,2017-06-06 18:00:00,10000.0,12.733333333333757,-143.00000000000423,buy,1.12805,1.12662,184.9999999999907,4,16088.443837197017
2017-06-12 23:00:00,2017-06-13 08:00:00,10000.0,15.82500000000206,-176.00000000002058,buy,1.1215600000000001,1.1198,308.0000000000193,9,16104.643837197018
2017-06-13 08:00:00,2017-06-13 16:00:00,10000.0,14.566666666666869,-163.00000000000202,sell,1.11938,1.12101,261.0000000000001,8,16119.543837197014
2017-06-13 16:00:00,2017-06-14 02:00:00,10000.0,9.983333333332922,-117.99999999999588,buy,1.1214,1.12022,130.9999999999922,10,16129.943837197012
2017-06-14 04:00:00,2017-06-14 11:00:00,10000.0,7.108333333333252,-87.99999999999918,sell,1.12052,1.1214,195.99999999999616,7,16137.343837197013
2017-06-14 11:00:00,2017-06-14 13:00:00,10000.0,58.11666666666632,-595.9999999999965,buy,1.12615,1.12019,628.0000000000063,2,16195.543837197012
2017-06-19 10:00:00,2017-06-19 12:00:00,161955.4383719701,192.99689739324768,-133.99999999998968,sell,1.11915,1.12049,205.99999999999505,2,16389.890363243358
2017-06-19 23:00:00,2017-06-20 03:00:00,10000.0,8.333333333333798,-99.00000000000463,buy,1.11548,1.11449,117.99999999999588,4,16398.390363243354
2017-06-20 03:00:00,2017-06-20 14:00:00,10000.0,16.141666666666907,-180.00000000000236,sell,1.11365,1.11545,279.000000000007,11,16414.990363243352
2017-06-20 14:00:00,2017-06-21 09:00:00,10000.0,11.808333333334012,-140.00000000000676,buy,1.1141,1.1127,226.00000000001506,19,16427.59036324335
2017-06-21 13:00:00,2017-06-21 18:00:00,10000.0,8.391666666667785,-100.00000000001118,buy,1.11497,1.11397,156.00000000000057,5,16436.19036324335
2017-06-26 07:00:00,2017-06-26 09:00:00,164361.9036324335,190.93374471970068,-131.00000000001444,sell,1.11862,1.11993,150.00000000000568,2,16628.49379049332
2017-06-26 10:00:00,2017-06-26 13:00:00,166284.9379049332,463.51926440999176,-293.99999999999426,buy,1.12096,1.11802,383.0,3,17094.091616627124
2017-06-26 22:00:00,2017-06-27 06:00:00,10000.0,11.5666666666672,-133.00000000000531,buy,1.11942,1.11809,158.00000000001367,8,17105.991616627125
2017-06-27 06:00:00,2017-06-27 09:00:00,10000.0,54.37499999999984,-558.9999999999983,buy,1.12475,1.11916,656.9999999999965,3,17160.491616627125
2017-06-27 09:00:00,2017-06-27 12:00:00,10000.0,11.974999999999623,-134.99999999999622,buy,1.12682,1.12547,218.99999999999142,3,17172.591616627124
2017-07-03 06:00:00,2017-07-03 08:00:00,171725.91616627123,247.5715291397043,-158.999999999998,sell,1.13942,1.14101,169.99999999998127,2,17421.594195068214
2017-07-03 22:00:00,2017-07-04 06:00:00,10000.0,15.866666666668726,-176.00000000002058,sell,1.1348799999999999,1.13664,276.00000000000955,8,17437.794195068207
2017-07-04 06:00:00,2017-07-04 09:00:00,10000.0,15.575000000001003,-171.00000000001003,sell,1.13537,1.13708,201.0000000000067,3,17453.494195068204
2017-07-04 12:00:00,2017-07-05 00:00:00,10000.0,12.799999999998603,-146.99999999998602,buy,1.1358,1.13433,204.99999999998852,12,17466.794195068207
2017-07-05 00:00:00,2017-07-05 09:00:00,10000.0,13.324999999999003,-150.99999999999002,sell,1.13422,1.13573,258.0000000000027,9,17480.494195068208
2017-07-10 06:00:00,2017-07-10 08:00:00,174804.94195068209,239.7741120423851,-152.0000000000188,buy,1.14145,1.1399299999999999,182.9999999999998,2,17721.725014960182
2017-07-11 01:00:00,2017-07-11 14:00:00,10000.0,10.958333333333467,-129.00000000000134,buy,1.14065,1.13936,242.9999999999932,13,17733.22501496018
2017-07-11 14:00:00,2017-07-11 17:00:00,10000.0,17.575000000000784,-191.00000000000782,buy,1.14391,1.142,251.0000000000012,3,17750.92501496018
2017-07-11 17:00:00,2017-07-12 03:00:00,10000.0,11.083333333333467,-129.00000000000134,buy,1.14801,1.14672,198.9999999999936,10,17762.425014960176
2017-07-12 03:00:00,2017-07-12 07:00:00,10000.0,17.933333333332296,-194.9999999999896,sell,1.14595,1.1479,293.99999999999426,4,17780.525014960174
2017-07-17 05:00:00,2017-07-17 08:00:00,177805.25014960175,303.6024646304402,-185.99999999999727,sell,1.14413,1.14599,207.00000000000162,3,18086.350045217485
2017-07-17 22:00:00,2017-07-18 02:00:00,10000.0,48.833333333332675,-503.9999999999933,buy,1.15276,1.14772,565.9999999999998,4,18135.350045217485
2017-07-18 05:00:00,2017-07-18 10:00:00,10000.0,26.09166666666606,-276.9999999999939,buy,1.15505,1.15228,397.9999999999872,5,18161.65004521748
2017-07-18 10:00:00,2017-07-18 14:00:00,10000.0,18.43333333333335,-200.00000000000017,buy,1.15781,1.15581,336.00000000000296,4,18180.25004521748
2017-07-18 14:00:00,2017-07-18 17:00:00,10000.0,13.974999999999403,-154.99999999999403,sell,1.15636,1.15791,182.9999999999998,3,18194.350045217478
2017-07-24 04:00:00,2017-07-24 07:00:00,181943.5004521748,394.36253723006666,-231.99999999998775,sell,1.16463,1.16695,285.99999999998624,3,18590.9868762032
2017-07-24 22:00:00,2017-07-25 03:00:00,10000.0,12.0916666666676,-137.00000000000932,buy,1.16518,1.16381,219.0000000000136,5,18603.286876203198
2017-07-25 03:00:00,2017-07-25 13:00:00,10000.0,27.78333333333407,-296.00000000000733,buy,1.16867,1.16571,443.0000000000156,10,18631.4868762032
2017-07-25 13:00:00,2017-07-25 15:00:00,10000.0,30.316666666666276,-317.999999999996,sell,1.16619,1.16937,343.0000000000044,2,18661.886876203196
2017-07-25 15:00:00,2017-07-26 08:00:00,10000.0,20.391666666667522,-225.0000000000085,sell,1.16305,1.1653,303.0000000000088,17,18682.98687620319
2017-07-31 05:00:00,2017-07-31 08:00:00,186829.86876203193,320.88029959879697,-187.0000000000038,sell,1.17252,1.17439,208.00000000000816,3,19006.202549161513
2017-07-31 11:00:00,2017-07-31 14:00:00,190062.02549161515,307.4253262326969,-177.00000000000492,buy,1.17462,1.17285,238.00000000000486,3,19316.003650712853
2017-07-31 14:00:00,2017-07-31 16:00:00,193160.03650712856,631.9552527724849,-341.99999999999784,buy,1.18239,1.17897,408.0000000000083,2,19949.568570456235
2017-07-31 22:00:00,2017-08-01 12:00:00,10000.0,15.91666666666847,-179.00000000001802,sell,1.1811099999999999,1.1829,225.0000000000085,14,19966.06857045624
2017-08-01 13:00:00,2017-08-01 16:00:00,10000.0,22.07499999999918,-235.99999999999176,sell,1.17988,1.18224,400.00000000000034,3,19988.26857045624
2017-08-07 05:00:00,2017-08-07 08:00:00,199882.6857045624,449.23633612104,-240.00000000001796,buy,1.18087,1.17847,311.00000000001677,3,20440.003440148586
2017-08-07 22:00:00,2017-08-08 02:00:00,10000.0,20.533333333333786,-221.00000000000452,buy,1.18144,1.17923,232.00000000000995,4,20460.703440148583
2017-08-08 02:00:00,2017-08-08 15:00:00,10000.0,70.95833333333351,-729.0000000000018,sell,1.1739,1.18119,788.0000000000108,13,20532.203440148576
2017-08-08 15:00:00,2017-08-08 17:00:00,10000.0,24.116666666665626,-255.99999999998954,buy,1.17505,1.17249,297.99999999999824,2,20556.403440148573
2017-08-08 17:00:00,2017-08-09 01:00:00,10000.0,16.466666666668218,-182.00000000001546,sell,1.1743999999999999,1.17622,194.00000000000526,8,20573.203440148576
2017-08-14 06:00:00,2017-08-14 08:00:00,205732.03440148578,395.34839277485855,-207.00000000000162,sell,1.18084,1.18291,294.0000000000164,2,20970.266266543444
2017-08-14 22:00:00,2017-08-15 06:00:00,10000.0,13.766666666666069,-154.99999999999403,sell,1.17612,1.17767,309.0000000000037,8,20984.366266543442
2017-08-15 08:00:00,2017-08-15 13:00:00,10000.0,60.29166666666585,-618.9999999999917,sell,1.16927,1.17546,700.999999999996,5,21044.86626654344
2017-08-15 13:00:00,2017-08-15 16:00:00,10000.0,24.87499999999976,-263.99999999999756,buy,1.17342,1.17078,340.9999999999913,3,21069.866266543435
2017-08-15 16:00:00,2017-08-16 08:00:00,10000.0,17.833333333334917,-199.0000000000158,sell,1.17159,1.17358,414.00000000000324,16,21088.36626654343
2017-08-21 09:00:00,2017-08-21 11:00:00,210883.6626654343,325.1123132758714,-168.99999999999693,buy,1.17568,1.17399,200.00000000000017,2,21415.23594367485
2017-08-21 11:00:00,2017-08-21 13:00:00,214152.35943674846,261.6227991119144,-137.00000000000932,buy,1.17788,1.17651,205.00000000001071,2,21678.64334578207
2017-08-21 13:00:00,2017-08-21 15:00:00,216786.4334578207,492.4665146716538,-241.99999999998664,buy,1.18129,1.17887,251.99999999998556,2,22172.916414065872
2017-08-21 22:00:00,2017-08-22 07:00:00,10000.0,15.225000000000348,-170.00000000000347,sell,1.17906,1.18076,333.9999999999898,9,22188.516414065874
2017-08-22 07:00:00,2017-08-22 09:00:00,10000.0,20.016666666667632,-215.0000000000096,sell,1.17703,1.1791800000000001,225.0000000000085,2,22208.616414065873
2017-08-27 23:00:00,2017-08-28 01:00:00,222086.16414065874,402.34610070148494,-195.99999999997397,sell,1.1929900000000002,1.19495,210.9999999999834,2,22612.813232801866
2017-08-28 13:00:00,2017-08-28 15:00:00,226128.1323280187,339.569078712609,-165.00000000001512,buy,1.19531,1.19366,180.00000000000236,2,22954.26671261721
2017-08-28 22:00:00,2017-08-29 07:00:00,10000.0,44.425000000000686,-462.0000000000068,buy,1.20148,1.19686,598.0000000000095,9,22999.066712617205
2017-08-29 08:00:00,2017-08-29 10:00:00,10000.0,17.316666666667707,-188.00000000001037,sell,1.20397,1.20585,262.999999999991,2,23016.466712617203
2017-08-29 11:00:00,2017-08-29 17:00:00,10000.0,22.850000000000634,-245.0000000000063,sell,1.20163,1.20408,424.0000000000021,6,23039.566712617197
2017-09-04 06:00:00,2017-09-04 09:00:00,230395.667126172,450.9995183994946,-211.0000000000056,buy,1.19165,1.18954,326.00000000000404,3,23493.44617685577
2017-09-04 14:00:00,2017-09-04 17:00:00,234934.46176855773,459.88420891196495,-211.0000000000056,sell,1.18898,1.19109,294.0000000000164,3,23956.267066539844
2017-09-05 00:00:00,2017-09-05 08:00:00,10000.0,17.066666666665487,-187.99999999998815,sell,1.18798,1.18986,303.9999999999931,8,23973.667066539838
2017-09-05 08:00:00,2017-09-05 15:00:00,10000.0,30.30833333333203,-319.9999999999869,buy,1.19169,1.18849,410.9999999999836,7,24004.267066539836
2017-09-05 15:00:00,2017-09-06 08:00:00,10000.0,18.891666666666577,-209.99999999999906,buy,1.19327,1.19117,384.00000000000654,17,24023.86706653983
2017-09-11 10:00:00,2017-09-11 13:00:00,240238.67066539833,542.3387990271424,-241.0000000000023,sell,1.19852,1.20093,286.9999999999928,3,24569.20884895029
2017-09-11 13:00:00,2017-09-11 16:00:00,245692.08848950287,515.3391556067531,-225.0000000000085,sell,1.19637,1.19862,289.0000000000059,3,25087.619155663157
2017-09-11 22:00:00,2017-09-12 11:00:00,10000.0,22.158333333333566,-241.0000000000023,sell,1.1937,1.19611,408.99999999999267,13,25110.319155663154
2017-09-12 11:00:00,2017-09-12 15:00:00,10000.0,18.03333333333295,-195.99999999999616,buy,1.19519,1.19323,246.99999999999721,4,25128.51915566315
2017-09-12 16:00:00,2017-09-13 02:00:00,10000.0,18.38333333333244,-201.99999999999105,buy,1.19831,1.19629,292.00000000000335,10,25147.31915566315
2017-09-18 06:00:00,2017-09-18 08:00:00,251473.19155663153,493.3065774369397,-211.0000000000056,sell,1.19256,1.1946700000000001,251.99999999998556,2,25642.721343029727
2017-09-18 22:00:00,2017-09-19 05:00:00,10000.0,15.608333333333427,-173.0000000000009,buy,1.19741,1.19568,188.00000000001037,7,25658.62134302973
2017-09-19 06:00:00,2017-09-19 12:00:00,10000.0,18.35000000000002,-200.00000000000017,sell,1.19732,1.19932,329.0000000000015,6,25677.221343029723
2017-09-19 14:00:00,2017-09-19 20:00:00,10000.0,16.15000000000115,-178.00000000001145,buy,1.1996,1.1978199999999999,358.9999999999982,6,25693.621343029725
2017-09-19 23:00:00,2017-09-20 02:00:00,10000.0,17.575000000000784,-191.00000000000782,buy,1.20121,1.1993,264.0000000000197,3,25711.321343029722
2017-09-25 04:00:00,2017-09-25 07:00:00,257113.2134302972,521.2970402299459,-218.00000000000705,sell,1.19099,1.19317,252.00000000000776,3,26235.832298427544
2017-09-25 07:00:00,2017-09-25 10:00:00,262358.32298427547,526.6843333909754,-216.00000000001617,sell,1.18867,1.19083,279.000000000007,3,26765.79611085582
2017-09-25 13:00:00,2017-09-25 16:00:00,267657.96110855823,657.7694394242822,-261.0000000000001,sell,1.18518,1.18779,363.00000000000216,3,27426.91127479396
2017-09-25 22:00:00,2017-09-26 08:00:00,10000.0,39.083333333332604,-408.99999999999267,sell,1.18131,1.1854,480.99999999999807,10,27466.411274793958
2017-09-26 08:00:00,2017-09-26 11:00:00,10000.0,23.67499999999856,-251.99999999998556,sell,1.17904,1.18156,380.99999999998687,3,27490.211274793957
2017-10-01 23:00:00,2017-10-02 01:00:00,274902.1127479396,404.564275927372,-161.99999999999548,sell,1.17897,1.18059,174.99999999999181,2,27897.066401660893
2017-10-02 05:00:00,2017-10-02 08:00:00,278970.66401660896,493.0806486493965,-192.00000000001435,sell,1.17427,1.17619,257.0000000000183,3,28393.634183610502
2017-10-02 12:00:00,2017-10-02 15:00:00,283936.34183610504,541.6085720523564,-205.99999999999505,sell,1.17358,1.17564,246.99999999999721,3,28938.791959935807
2017-10-02 22:00:00,2017-10-03 01:00:00,10000.0,15.374999999999693,-168.99999999999693,sell,1.17199,1.17368,192.99999999999872,3,28954.291959935803
2017-10-03 01:00:00,2017-10-03 07:00:00,10000.0,14.249999999999803,-158.999999999998,buy,1.17218,1.17059,263.99999999999756,6,28968.791959935803
2017-10-09 22:00:00,2017-10-10 02:00:00,10000.0,32.13333333333429,-337.0000000000095,buy,1.17754,1.17417,361.9999999999956,4,29001.091959935802
2017-10-10 02:00:00,2017-10-10 10:00:00,10000.0,26.266666666665806,-279.99999999999136,buy,1.18001,1.17721,384.00000000000654,8,29027.6919599358
2017-10-10 10:00:00,2017-10-10 12:00:00,10000.0,11.116666666667054,-126.00000000000388,buy,1.17947,1.17821,217.0000000000005,2,29038.891959935798
2017-10-10 12:00:00,2017-10-10 14:00:00,10000.0,12.2166666666676,-137.00000000000932,buy,1.18015,1.17878,200.00000000000017,2,29051.191959935797
2017-10-10 15:00:00,2017-10-11 01:00:00,10000.0,11.983333333334922,-138.0000000000159,buy,1.1817900000000001,1.18041,232.00000000000995,10,29063.5919599358
2017-10-16 04:00:00,2017-10-16 07:00:00,290635.919599358,609.6088413596783,-225.0000000000085,sell,1.17847,1.18072,247.0000000000194,3,29676.83375029047
2017-10-16 22:00:00,2017-10-17 02:00:00,10000.0,12.033333333333612,-136.00000000000279,sell,1.17769,1.17905,174.00000000000747,4,29689.033750290466
2017-10-17 02:00:00,2017-10-17 06:00:00,10000.0,9.933333333333177,-114.99999999999842,sell,1.17697,1.17812,139.00000000000023,4,29699.133750290464
2017-10-17 07:00:00,2017-10-17 10:00:00,10000.0,9.974999999999843,-114.99999999999842,sell,1.17592,1.17707,156.00000000000057,3,29709.233750290463
2017-10-17 13:00:00,2017-10-17 18:00:00,10000.0,14.391666666667124,-160.00000000000458,buy,1.17625,1.17465,269.0000000000081,5,29723.83375029046
2017-10-23 07:00:00,2017-10-23 10:00:00,297238.33750290464,513.4792280362326,-187.99999999998815,sell,1.17358,1.17546,217.0000000000005,3,30241.02845754548
2017-10-23 15:00:00,2017-10-23 17:00:00,302410.28457545483,390.61328424332845,-144.00000000001077,sell,1.17445,1.17589,185.99999999999727,2,30634.1618274936
2017-10-23 22:00:00,2017-10-24 04:00:00,10000.0,12.650000000000423,-143.00000000000423,buy,1.17644,1.1750099999999999,159.99999999998238,6,30647.0618274936
2017-10-24 05:00:00,2017-10-24 19:00:00,10000.0,25.51666666666697,-275.000000000003,buy,1.17834,1.17559,414.00000000000324,14,30673.161827493594
2017-10-24 19:00:00,2017-10-25 11:00:00,10000.0,12.933333333333902,-150.00000000000568,buy,1.17754,1.17604,229.99999999999685,16,30686.761827493592
2017-10-30 07:00:00,2017-10-30 09:00:00,306867.6182749359,362.615235594899,-133.00000000000531,buy,1.16321,1.16188,175.000000000014,2,31051.934293240785
2017-10-30 10:00:00,2017-10-30 13:00:00,310519.34293240786,626.4727743661344,-217.0000000000005,sell,1.16145,1.16362,270.999999999999,3,31682.288559393575
2017-10-30 14:00:00,2017-10-30 17:00:00,316822.8855939358,572.6573657110972,-196.00000000001836,buy,1.16375,1.1617899999999999,256.00000000001177,3,32258.9062111746
2017-10-30 17:00:00,2017-10-30 20:00:00,322589.062111746,715.3412452327914,-236.9999999999983,buy,1.16547,1.1631,276.00000000000955,3,32978.27981968378
2017-10-30 23:00:00,2017-10-31 02:00:00,10000.0,13.374999999999913,-148.99999999999912,sell,1.16351,1.165,160.00000000000458,3,32991.77981968379
2017-11-06 10:00:00,2017-11-06 12:00:00,329917.79819683795,469.0331364364549,-156.9999999999849,sell,1.15928,1.16085,170.9999999999878,2,33463.56227110523
2017-11-06 15:00:00,2017-11-06 18:00:00,334635.6227110523,778.864411859987,-248.00000000000375,buy,1.16102,1.15854,269.99999999999244,3,34246.609628249105
2017-11-06 22:00:00,2017-11-07 08:00:00,10000.0,17.083333333332806,-188.9999999999947,sell,1.15889,1.16078,263.0000000000132,10,34264.10962824911
2017-11-07 08:00:00,2017-11-07 18:00:00,10000.0,12.683333333332847,-144.9999999999951,buy,1.15812,1.15667,286.00000000000847,10,34277.20962824912
2017-11-07 18:00:00,2017-11-07 23:00:00,10000.0,13.591666666668544,-152.0000000000188,buy,1.15918,1.15766,184.00000000000637,5,34291.00962824912
2017-11-13 05:00:00,2017-11-13 08:00:00,342910.0962824912,496.36236436892176,-160.00000000000458,sell,1.16407,1.16567,175.000000000014,3,34791.65836882158
2017-11-13 11:00:00,2017-11-13 14:00:00,347916.5836882159,541.880079094431,-171.00000000001003,buy,1.16683,1.16512,188.9999999999947,3,35337.88740521211
2017-11-13 22:00:00,2017-11-14 08:00:00,10000.0,21.683333333334076,-235.00000000000742,buy,1.16882,1.16647,275.000000000003,10,35359.987405212116
2017-11-14 08:00:00,2017-11-14 12:00:00,10000.0,10.233333333335143,-118.00000000001808,buy,1.17219,1.1710099999999999,198.00000000000927,4,35370.387405212125
2017-11-14 12:00:00,2017-11-14 17:00:00,10000.0,12.791666666667744,-144.00000000001077,buy,1.17615,1.17471,235.00000000000742,5,35383.38740521213
2017-11-19 22:00:00,2017-11-20 00:00:00,353833.87405212136,966.5561992857093,-287.9999999999993,sell,1.1735,1.17638,334.00000000001205,2,36352.89222011494
2017-11-20 06:00:00,2017-11-20 08:00:00,363528.9222011494,534.9933971727557,-162.00000000001768,buy,1.17524,1.1736199999999999,180.00000000000236,2,36890.91502497271
2017-11-20 12:00:00,2017-11-20 15:00:00,368909.15024972707,818.0560406787636,-236.9999999999983,sell,1.17577,1.17814,266.00000000001063,3,37713.58243002959
2017-11-21 00:00:00,2017-11-21 12:00:00,10000.0,16.599999999999074,-184.9999999999907,sell,1.17226,1.17411,346.9999999999862,12,37730.6824300296
2017-11-21 12:00:00,2017-11-21 15:00:00,10000.0,17.974999999998964,-194.9999999999896,buy,1.17359,1.17164,235.99999999999176,3,37748.782430029605
2017-11-26 22:00:00,2017-11-27 01:00:00,377487.824300296,587.9372863476651,-170.9999999999878,sell,1.19164,1.19335,194.00000000000526,3,38341.43831418102
2017-11-27 11:00:00,2017-11-27 14:00:00,383414.3831418102,704.5239290231369,-199.0000000000158,buy,1.19571,1.19372,300.00000000001137,3,39050.75492299342
2017-11-27 14:00:00,2017-11-27 16:00:00,390507.54922993423,633.2730756678959,-177.00000000000492,sell,1.19193,1.1937,188.00000000001037,2,39687.28222823824
2017-11-28 00:00:00,2017-11-28 08:00:00,10000.0,15.266666666667014,-170.00000000000347,sell,1.18885,1.19055,221.00000000000452,8,39702.882228238246
2017-11-28 08:00:00,2017-11-28 11:00:00,10000.0,16.07500000000206,-176.00000000002058,sell,1.1885999999999999,1.19036,205.00000000001071,3,39719.08222823826
2017-12-04 07:00:00,2017-12-04 09:00:00,397190.8222823826,763.268363485985,-207.00000000000162,buy,1.18706,1.18499,218.00000000000705,2,40485.66051524326
2017-12-04 22:00:00,2017-12-05 09:00:00,10000.0,16.041666666668473,-179.00000000001802,sell,1.18484,1.18663,279.000000000007,11,40502.16051524327
2017-12-05 10:00:00,2017-12-05 13:00:00,10000.0,12.575000000001333,-141.00000000001333,sell,1.18475,1.18616,259.0000000000092,3,40514.86051524327
2017-12-05 13:00:00,2017-12-05 18:00:00,10000.0,25.89166666666697,-275.000000000003,sell,1.18058,1.18333,364.00000000000875,5,40540.96051524328
2017-12-05 18:00:00,2017-12-05 22:00:00,10000.0,13.233333333332592,-147.99999999999258,buy,1.18227,1.18079,170.00000000000347,4,40554.36051524328
2017-12-11 06:00:00,2017-12-11 09:00:00,405543.6051524328,469.41672296390954,-130.9999999999922,buy,1.17923,1.17792,180.00000000000236,3,41028.84653327159
2017-12-11 13:00:00,2017-12-11 15:00:00,410288.465332716,550.4703576547239,-148.99999999999912,buy,1.17934,1.17785,168.99999999999693,2,41582.73596147076
2017-12-11 18:00:00,2017-12-11 21:00:00,415827.35961470765,655.9676597922053,-173.0000000000009,sell,1.17732,1.17905,206.00000000001725,3,42243.90146325815
2017-12-11 22:00:00,2017-12-12 09:00:00,10000.0,14.24166666666778,-161.0000000000111,buy,1.17896,1.17735,259.0000000000092,11,42258.601463258165
2017-12-12 09:00:00,2017-12-12 14:00:00,10000.0,28.991666666667296,-306.00000000000625,sell,1.17512,1.17818,344.0000000000109,5,42287.80146325817
2017-12-18 05:00:00,2017-12-18 08:00:00,422878.01463258173,688.2339688145754,-178.00000000001145,buy,1.17789,1.17611,188.00000000001037,3,42981.32140725566
2017-12-18 13:00:00,2017-12-18 15:00:00,429813.21407255664,439.125833710845,-117.00000000001153,buy,1.18056,1.17939,184.00000000000637,2,43424.02901775044
2017-12-18 15:00:00,2017-12-18 18:00:00,434240.2901775045,784.8893244959193,-196.00000000001836,sell,1.17905,1.1810100000000001,256.00000000001177,3,44214.346345873586
2017-12-18 22:00:00,2017-12-19 08:00:00,10000.0,19.283333333333896,-211.0000000000056,buy,1.18042,1.17831,286.00000000000847,10,44234.04634587359
2017-12-19 09:00:00,2017-12-19 13:00:00,10000.0,18.433333333335572,-200.00000000002237,buy,1.18267,1.1806699999999999,279.000000000007,4,44252.6463458736
2017-12-26 00:00:00,2017-12-26 12:00:00,10000.0,12.499999999998858,-143.99999999998857,sell,1.18521,1.18665,231.99999999998775,12,44265.64634587361
2017-12-26 12:00:00,2017-12-26 15:00:00,10000.0,27.175000000001504,-287.000000000015,buy,1.18758,1.18471,300.00000000001137,3,44292.94634587362
2017-12-26 15:00:00,2017-12-27 06:00:00,10000.0,9.275000000000754,-113.00000000000753,buy,1.18771,1.18658,243.99999999999974,15,44302.84634587363
2017-12-27 07:00:00,2017-12-27 10:00:00,10000.0,16.974999999999074,-184.9999999999907,buy,1.18864,1.18679,215.99999999999395,3,44319.946345873635
2017-12-27 11:00:00,2017-12-27 15:00:00,10000.0,9.633333333333432,-112.00000000000098,buy,1.19044,1.18932,151.99999999999656,4,44329.746345873646
2018-01-02 00:00:00,2018-01-02 08:00:00,10000.0,16.466666666668218,-182.00000000001546,buy,1.20344,1.20162,275.000000000003,8,44346.546345873656
2018-01-02 08:00:00,2018-01-02 10:00:00,10000.0,22.316666666667157,-238.00000000000486,buy,1.20691,1.2045299999999999,280.9999999999979,2,44368.946345873665
2018-01-02 10:00:00,2018-01-02 15:00:00,10000.0,26.391666666668026,-280.00000000001353,sell,1.2039,1.2067,313.0000000000077,5,44395.54634587367
2018-01-02 19:00:00,2018-01-03 08:00:00,10000.0,10.258333333335543,-122.00000000002208,sell,1.20399,1.2052100000000001,254.00000000002086,13,44406.34634587368
2018-01-03 08:00:00,2018-01-03 11:00:00,10000.0,21.07499999999929,-225.99999999999287,sell,1.20184,1.2041,248.00000000000375,3,44427.54634587369
2018-01-08 05:00:00,2018-01-08 08:00:00,444275.46345873695,1016.2801226618599,-243.99999999999974,sell,1.19935,1.20179,287.000000000015,3,45449.379911828786
2018-01-08 10:00:00,2018-01-08 12:00:00,454493.7991182879,655.2285603955228,-158.999999999998,sell,1.19863,1.20022,195.99999999999616,2,46108.3959205503
2018-01-08 22:00:00,2018-01-09 08:00:00,10000.0,13.383333333332992,-151.99999999999656,sell,1.19513,1.19665,239.99999999999577,10,46122.1959205503
2018-01-09 08:00:00,2018-01-09 14:00:00,10000.0,14.250000000002023,-159.00000000002024,sell,1.1921599999999999,1.19375,242.00000000000887,6,46136.69592055031
2018-01-09 14:00:00,2018-01-09 21:00:00,10000.0,15.408333333334337,-171.00000000001003,buy,1.19358,1.19187,202.00000000001327,7,46152.39592055031
2018-01-15 07:00:00,2018-01-15 10:00:00,461523.95920550317,2089.5497253029234,-467.9999999999795,buy,1.2258799999999999,1.2212,496.99999999999187,3,48247.714695343304
2018-01-15 22:00:00,2018-01-16 09:00:00,10000.0,24.24166666666668,-261.0000000000001,sell,1.22367,1.22628,462.0000000000068,11,48272.414695343316
2018-01-16 10:00:00,2018-01-16 17:00:00,10000.0,26.90833333333196,-285.99999999998624,buy,1.22423,1.22137,480.99999999999807,7,48299.61469534332
2018-01-16 17:00:00,2018-01-16 20:00:00,10000.0,24.87499999999976,-263.99999999999756,buy,1.22702,1.22438,279.000000000007,3,48324.61469534333
2018-01-16 20:00:00,2018-01-17 01:00:00,10000.0,34.091666666665176,-356.99999999998505,buy,1.23013,1.22656,485.00000000000205,5,48358.91469534333
2018-01-21 23:00:00,2018-01-22 02:00:00,483589.1469534333,1140.0614139427248,-251.0000000000012,sell,1.22293,1.22544,278.00000000000045,3,49505.020973622966
2018-01-22 06:00:00,2018-01-22 09:00:00,495050.2097362297,1152.2293631610933,-248.00000000000375,buy,1.22411,1.22163,261.0000000000001,3,50663.43846440576
2018-01-22 15:00:00,2018-01-22 17:00:00,506634.3846440576,1105.3073491650903,-232.99999999999432,sell,1.22289,1.22522,252.00000000000776,2,51772.967766776215
2018-01-22 22:00:00,2018-01-23 09:00:00,10000.0,16.641666666665742,-184.9999999999907,sell,1.22391,1.22576,358.9999999999982,11,51790.06776677623
2018-01-23 09:00:00,2018-01-23 14:00:00,10000.0,16.791666666667307,-184.00000000000637,buy,1.22568,1.22384,231.0000000000034,5,51807.06776677624
2018-01-28 23:00:00,2018-01-29 02:00:00,518070.67766776244,1625.4467511826126,-329.0000000000015,sell,1.23967,1.24296,353.0000000000033,3,53438.9904014297
2018-01-29 12:00:00,2018-01-29 15:00:00,534389.9040142971,1575.1142420820768,-309.99999999998806,sell,1.2352,1.2383,369.9999999999814,3,55020.78451731195
2018-01-29 22:00:00,2018-01-30 07:00:00,10000.0,29.724999999999863,-314.9999999999986,sell,1.23483,1.23798,393.99999999998323,9,55050.88451731195
2018-01-30 07:00:00,2018-01-30 09:00:00,10000.0,23.116666666665736,-245.99999999999065,buy,1.238,1.23554,461.0000000000003,2,55074.08451731195
2018-01-30 09:00:00,2018-01-30 12:00:00,10000.0,38.47500000000226,-400.0000000000225,buy,1.24378,1.2397799999999999,441.00000000000244,3,55112.68451731196
2018-02-04 22:00:00,2018-02-05 01:00:00,551126.8451731197,1255.191389881743,-242.9999999999932,buy,1.24559,1.24316,326.9999999999884,3,56374.76499275838
2018-02-05 12:00:00,2018-02-05 15:00:00,563747.6499275839,1718.0209631543632,-320.00000000000915,sell,1.24071,1.24391,409.9999999999992,3,58099.832801536846
2018-02-05 17:00:00,2018-02-05 20:00:00,580998.3280153685,1555.6230232610842,-282.9999999999888,sell,1.23987,1.2427,296.00000000000733,3,59662.71830389812
2018-02-05 22:00:00,2018-02-06 09:00:00,10000.0,38.9416666666675,-408.0000000000083,buy,1.24163,1.23755,661.0000000000005,11,59702.118303898125
2018-02-06 09:00:00,2018-02-06 12:00:00,10000.0,27.07500000000085,-286.00000000000847,sell,1.23725,1.24011,442.00000000000904,3,59729.31830389814
2018-02-12 11:00:00,2018-02-12 14:00:00,597293.1830389814,1396.1728153536808,-249.00000000001032,sell,1.22433,1.22682,265.0000000000041,3,61132.9572840398
2018-02-12 22:00:00,2018-02-13 06:00:00,10000.0,19.866666666666067,-215.99999999999395,buy,1.23122,1.22906,286.00000000000847,8,61153.157284039815
2018-02-13 06:00:00,2018-02-13 11:00:00,10000.0,27.791666666668316,-294.0000000000164,buy,1.23469,1.23175,382.00000000001563,5,61181.15728403982
2018-02-13 11:00:00,2018-02-13 15:00:00,10000.0,23.533333333333456,-251.0000000000012,buy,1.23644,1.23393,384.99999999999085,4,61204.85728403982
2018-02-13 15:00:00,2018-02-14 03:00:00,10000.0,18.600000000001074,-205.00000000001071,buy,1.23787,1.23582,350.00000000000585,12,61223.95728403983
2018-02-19 08:00:00,2018-02-19 11:00:00,612239.5728403983,1504.5787502552798,-261.0000000000001,buy,1.24236,1.23975,272.9999999999899,3,62736.18902895562
2018-02-19 11:00:00,2018-02-19 14:00:00,627361.8902895562,2947.0324796352033,-485.00000000000205,sell,1.23735,1.2422,524.0000000000133,3,65691.06353221944
2018-02-19 14:00:00,2018-02-19 16:00:00,656910.6353221945,1222.9486327581963,-201.0000000000067,buy,1.2395,1.23749,218.00000000000705,2,66919.48642027198
2018-02-19 22:00:00,2018-02-20 03:00:00,10000.0,17.291666666668362,-189.0000000000169,sell,1.2385599999999999,1.24045,258.0000000000027,5,66936.98642027199
2018-02-20 03:00:00,2018-02-20 08:00:00,10000.0,21.791666666666757,-234.00000000000085,sell,1.23605,1.23839,351.9999999999967,5,66958.986420272
2018-02-26 00:00:00,2018-02-26 03:00:00,669589.8642027201,1417.8565374492562,-226.9999999999994,buy,1.23132,1.22905,253.99999999999866,3,68385.21283102379
2018-02-26 07:00:00,2018-02-26 10:00:00,683852.1283102379,1338.640541167329,-211.0000000000056,buy,1.23415,1.23204,266.00000000001063,3,69732.401523795
2018-02-26 10:00:00,2018-02-26 13:00:00,697324.01523795,1462.6371219616594,-225.0000000000085,sell,1.23214,1.23439,265.99999999998846,3,71203.75519594713
2018-02-26 22:00:00,2018-02-27 01:00:00,10000.0,15.87500000000075,-174.00000000000747,buy,1.23303,1.23129,229.0000000000125,3,71219.75519594713
2018-02-27 01:00:00,2018-02-27 12:00:00,10000.0,14.441666666666869,-163.00000000000202,sell,1.23176,1.23339,283.00000000001097,11,71234.65519594714
2018-03-04 22:00:00,2018-03-05 00:00:00,712346.5519594714,1682.3251068776271,-251.0000000000012,sell,1.23178,1.23429,283.99999999999534,2,72922.91652409111
2018-03-05 04:00:00,2018-03-05 07:00:00,729229.1652409112,1937.9265066277062,-280.9999999999979,sell,1.22919,1.232,337.0000000000095,3,74869.95839528432
2018-03-05 07:00:00,2018-03-05 09:00:00,748699.5839528433,2741.4883099073963,-381.0000000000091,buy,1.23228,1.22847,412.00000000001234,2,77617.68586839133
2018-03-05 22:00:00,2018-03-06 02:00:00,10000.0,18.333333333332696,-198.9999999999936,buy,1.23542,1.23343,214.9999999999874,4,77636.18586839133
2018-03-06 04:00:00,2018-03-06 12:00:00,10000.0,46.46666666666713,-482.0000000000046,buy,1.23956,1.23474,682.9999999999891,8,77682.98586839135
2018-03-12 05:00:00,2018-03-12 08:00:00,776829.8586839135,1108.9246232712203,-157.99999999999147,buy,1.23359,1.23201,218.00000000000705,3,78801.62086489613
2018-03-12 08:00:00,2018-03-12 10:00:00,788016.2086489614,1482.783832607777,-202.9999999999976,sell,1.2312,1.23323,224.00000000000196,2,80290.97149924265
2018-03-12 10:00:00,2018-03-12 12:00:00,802909.7149924265,1294.0228239961143,-175.99999999999835,sell,1.22927,1.23103,187.99999999998815,2,81591.68523753037
2018-03-12 12:00:00,2018-03-12 15:00:00,815916.8523753037,1295.2680031458556,-174.00000000000747,buy,1.23194,1.2302,256.9999999999961,3,82897.15220133091
2018-03-12 23:00:00,2018-03-13 08:00:00,10000.0,15.225000000000348,-170.00000000000347,sell,1.23202,1.23372,248.00000000000375,9,82912.75220133094
2018-03-19 11:00:00,2018-03-19 13:00:00,829127.5220133093,1120.7040339213702,-150.00000000000568,buy,1.23014,1.22864,164.99999999999292,2,84040.36563126909
2018-03-19 15:00:00,2018-03-19 18:00:00,840403.6563126908,1392.9690603383604,-181.00000000000892,buy,1.2346300000000001,1.23282,267.0000000000172,3,85443.83973731135
2018-03-19 18:00:00,2018-03-19 20:00:00,854438.3973731135,1240.3597401864859,-159.99999999996015,sell,1.2340600000000002,1.2356599999999998,172.9999999999787,2,86691.31979747614
2018-03-20 00:00:00,2018-03-20 10:00:00,10000.0,21.98333333333382,-238.00000000000486,sell,1.2316,1.23398,381.9999999999934,10,86713.71979747614
2018-03-20 10:00:00,2018-03-20 12:00:00,10000.0,12.41666666666669,-139.00000000000023,sell,1.2296,1.23099,163.99999999998636,2,86726.21979747615
2018-03-26 06:00:00,2018-03-26 08:00:00,867262.1979747615,1519.1542834524685,-190.00000000000125,buy,1.23812,1.23622,231.0000000000034,2,88252.60126591173
2018-03-26 11:00:00,2018-03-26 14:00:00,882526.0126591172,2292.3613178820838,-274.9999999999808,buy,1.2434899999999998,1.24074,375.9999999999763,3,90555.99415895205
2018-03-27 01:00:00,2018-03-27 07:00:00,10000.0,18.649999999999764,-202.9999999999976,buy,1.2464,1.24437,221.99999999998886,6,90574.89415895207
2018-03-27 07:00:00,2018-03-27 09:00:00,10000.0,32.11666666666696,-336.00000000000296,sell,1.24303,1.24639,351.9999999999967,2,90607.09415895207
2018-03-27 09:00:00,2018-03-27 12:00:00,10000.0,19.975000000000964,-215.0000000000096,sell,1.23911,1.24126,285.0000000000019,3,90627.19415895207
2018-04-02 10:00:00,2018-04-02 12:00:00,906271.9415895208,925.9078336571972,-116.99999999998933,buy,1.234,1.23283,136.00000000000279,2,91560.65425878917
2018-04-02 12:00:00,2018-04-02 14:00:00,915606.5425878918,999.5371423252342,-124.00000000001297,sell,1.23219,1.23343,151.00000000001222,2,92567.82145563597
2018-04-02 14:00:00,2018-04-02 16:00:00,925678.2145563598,1954.7238297383192,-226.00000000001506,sell,1.2288,1.23106,237.00000000002052,2,94530.25927049559
2018-04-02 22:00:00,2018-04-03 07:00:00,10000.0,18.325000000000674,-201.0000000000067,buy,1.23214,1.23013,300.9999999999957,9,94548.9592704956
2018-04-03 07:00:00,2018-04-03 10:00:00,10000.0,12.974999999999513,-144.9999999999951,sell,1.23078,1.23223,225.0000000000085,3,94562.0592704956
2018-04-09 10:00:00,2018-04-09 13:00:00,945620.5927049561,3486.9759355995875,-384.00000000000654,buy,1.23117,1.22733,462.0000000000068,3,98060.85546350402
2018-04-10 00:00:00,2018-04-10 06:00:00,10000.0,13.750000000000968,-154.00000000000966,sell,1.23081,1.23235,181.00000000000892,6,98074.85546350402
2018-04-10 06:00:00,2018-04-10 08:00:00,10000.0,11.4166666666668,-129.00000000000134,buy,1.23287,1.23158,201.99999999999105,2,98086.35546350402
2018-04-10 08:00:00,2018-04-10 12:00:00,10000.0,31.33333333333348,-329.0000000000015,buy,1.23582,1.23253,408.99999999999267,4,98117.85546350402
2018-04-10 13:00:00,2018-04-10 16:00:00,10000.0,23.974999999998303,-254.999999999983,sell,1.23378,1.23633,283.99999999999534,3,98141.95546350401
2018-04-16 05:00:00,2018-04-16 08:00:00,981419.5546350402,2264.625622320482,-246.00000000001285,buy,1.2355,1.23304,314.00000000001427,3,100418.84883025743
2018-04-16 11:00:00,2018-04-16 14:00:00,1000000.0,1587.5000000000748,-174.00000000000747,buy,1.23875,1.23701,296.9999999999917,3,102018.8488302575
2018-04-16 22:00:00,2018-04-17 07:00:00,10000.0,16.42500000000155,-182.00000000001546,buy,1.24001,1.23819,248.00000000000375,9,102035.6488302575
2018-04-17 07:00:00,2018-04-17 09:00:00,10000.0,14.016666666666069,-154.99999999999403,sell,1.23854,1.24009,171.00000000001003,2,102049.74883025751
2018-04-17 09:00:00,2018-04-17 13:00:00,10000.0,21.133333333335496,-227.0000000000216,sell,1.2348,1.2370700000000001,324.00000000001313,4,102071.04883025752
2018-04-23 07:00:00,2018-04-23 09:00:00,1000000.0,2161.6666666667006,-231.0000000000034,sell,1.22391,1.22622,292.00000000000335,2,104241.04883025757
2018-04-23 12:00:00,2018-04-23 14:00:00,1000000.0,1531.6666666665706,-167.99999999999037,sell,1.22225,1.22393,229.99999999999685,2,105781.04883025748
2018-04-24 03:00:00,2018-04-24 08:00:00,10000.0,14.091666666667379,-157.00000000000713,sell,1.2196,1.22117,273.9999999999964,5,105795.3488302575
2018-04-24 08:00:00,2018-04-24 12:00:00,10000.0,14.233333333332482,-157.99999999999147,buy,1.22193,1.22035,231.0000000000034,4,105809.7488302575
2018-04-24 12:00:00,2018-04-24 14:00:00,10000.0,21.21666666666661,-226.9999999999994,buy,1.22295,1.22068,289.9999999999902,2,105831.0488302575
2018-04-30 06:00:00,2018-04-30 09:00:00,1000000.0,2637.499999999848,-278.99999999998477,sell,1.21049,1.21328,313.99999999999204,3,108481.04883025735
2018-04-30 09:00:00,2018-04-30 11:00:00,1000000.0,1951.6666666666576,-209.99999999999906,sell,1.20956,1.21166,219.99999999999795,2,110441.04883025734
2018-04-30 15:00:00,2018-04-30 17:00:00,1000000.0,2321.666666666639,-246.99999999999721,buy,1.20988,1.20741,279.000000000007,2,112771.0488302573
2018-04-30 22:00:00,2018-05-01 07:00:00,10000.0,15.725000000001405,-175.000000000014,sell,1.2061,1.20785,224.00000000000196,9,112787.14883025733
2018-05-01 07:00:00,2018-05-01 09:00:00,10000.0,19.616666666667232,-211.0000000000056,sell,1.2035,1.20561,261.0000000000001,2,112806.84883025734
2018-05-07 04:00:00,2018-05-07 07:00:00,1000000.0,1927.49999999986,-207.99999999998596,sell,1.19378,1.19586,222.9999999999954,3,114746.84883025721
2018-05-07 09:00:00,2018-05-07 12:00:00,1000000.0,2477.5000000001323,-263.0000000000132,sell,1.18997,1.1926,303.0000000000088,3,117236.84883025734
2018-05-07 22:00:00,2018-05-08 09:00:00,10000.0,30.141666666667586,-320.00000000000915,sell,1.18891,1.19211,490.0000000000126,11,117267.44883025733
2018-05-08 09:00:00,2018-05-08 14:00:00,10000.0,28.391666666665586,-299.99999999998914,sell,1.1848,1.1878,348.99999999999926,5,117296.04883025732
2018-05-08 14:00:00,2018-05-08 17:00:00,10000.0,22.774999999999324,-242.9999999999932,buy,1.18779,1.18536,345.99999999997965,3,117318.94883025733
2018-05-14 06:00:00,2018-05-14 08:00:00,1000000.0,1991.6666666666977,-214.00000000000307,buy,1.19771,1.19557,266.00000000001063,2,119318.94883025736
2018-05-14 13:00:00,2018-05-14 15:00:00,1000000.0,2121.6666666666606,-226.9999999999994,sell,1.19689,1.19916,239.99999999999577,2,121448.94883025736
2018-05-14 15:00:00,2018-05-14 18:00:00,1000000.0,2587.4999999999645,-273.9999999999964,sell,1.19466,1.1974,306.99999999999056,3,124048.94883025733
2018-05-14 22:00:00,2018-05-15 12:00:00,10000.0,46.916666666667275,-489.0000000000061,sell,1.18793,1.19282,589.0000000000173,14,124096.44883025732
2018-05-15 13:00:00,2018-05-15 15:00:00,10000.0,27.716666666667006,-292.00000000000335,buy,1.18598,1.18306,320.99999999999346,2,124124.24883025732
2018-05-20 21:00:00,2018-05-21 01:00:00,1000000.0,1653.3333333332005,-180.9999999999867,sell,1.17477,1.17658,224.9999999999863,4,125794.24883025719
2018-05-21 04:00:00,2018-05-21 07:00:00,1000000.0,1827.5000000000928,-198.00000000000927,sell,1.17288,1.17486,233.0000000000165,3,127634.24883025729
2018-05-21 07:00:00,2018-05-21 09:00:00,1000000.0,1271.6666666668657,-142.00000000001987,buy,1.17399,1.17257,240.00000000001796,2,128914.2488302575
2018-05-21 22:00:00,2018-05-22 05:00:00,10000.0,17.608333333335427,-193.00000000002092,sell,1.1774499999999999,1.17938,224.00000000000196,7,128932.1488302575
2018-05-22 05:00:00,2018-05-22 07:00:00,10000.0,18.816666666666432,-202.9999999999976,sell,1.17618,1.17821,280.9999999999979,2,128951.04883025751
2018-05-28 05:00:00,2018-05-28 07:00:00,1000000.0,1511.6666666666615,-165.99999999999946,sell,1.17081,1.17247,184.00000000000637,2,130471.04883025751
2018-05-28 07:00:00,2018-05-28 10:00:00,1000000.0,2467.500000000067,-262.00000000000665,sell,1.16679,1.16941,286.00000000000847,3,132951.04883025758
2018-05-28 10:00:00,2018-05-28 13:00:00,1000000.0,4427.500000000028,-458.0000000000028,sell,1.16099,1.16557,468.0000000000017,3,137391.0488302576
2018-05-28 22:00:00,2018-05-29 07:00:00,10000.0,28.125000000000483,-299.0000000000048,sell,1.15949,1.16248,443.0000000000156,9,137419.54883025755
2018-05-29 07:00:00,2018-05-29 09:00:00,10000.0,21.716666666667667,-232.00000000000995,sell,1.15431,1.15663,319.0000000000026,2,137441.34883025754
2018-06-04 06:00:00,2018-06-04 09:00:00,1000000.0,2287.500000000442,-244.00000000004417,buy,1.17084,1.1683999999999997,336.00000000000296,3,139741.34883025775
2018-06-04 22:00:00,2018-06-05 11:00:00,10000.0,17.158333333334117,-191.00000000000782,sell,1.16784,1.16975,378.99999999999596,13,139759.04883025767
2018-06-05 12:00:00,2018-06-05 17:00:00,10000.0,46.491666666666475,-480.99999999999807,buy,1.17148,1.16667,629.9999999999972,5,139805.74883025765
2018-06-05 17:00:00,2018-06-06 08:00:00,10000.0,26.675000000001504,-287.000000000015,buy,1.17589,1.17302,514.0000000000144,15,139833.04883025767
2018-06-06 08:00:00,2018-06-06 10:00:00,37500.0,93.06250000000496,-263.0000000000132,buy,1.17694,1.17431,284.00000000001756,2,139926.42383025767
2018-06-10 21:00:00,2018-06-11 01:00:00,1000000.0,2033.3333333332473,-218.99999999999142,buy,1.17964,1.17745,262.00000000000665,4,141976.42383025758
2018-06-11 06:00:00,2018-06-11 09:00:00,1000000.0,2057.5000000000455,-221.00000000000452,sell,1.17841,1.18062,361.00000000001125,3,144046.4238302576
2018-06-11 11:00:00,2018-06-11 14:00:00,1000000.0,1847.5000000000018,-200.00000000000017,buy,1.18042,1.17842,296.00000000000733,3,145906.4238302576
2018-06-11 22:00:00,2018-06-12 01:00:00,10000.0,18.27500000000093,-198.00000000000927,sell,1.17536,1.17734,246.99999999999721,3,145924.8238302576
2018-06-12 01:00:00,2018-06-12 08:00:00,10000.0,30.90833333333374,-326.00000000000404,buy,1.17926,1.176,383.0,7,145956.02383025762
2018-06-18 05:00:00,2018-06-18 07:00:00,1000000.0,1521.666666666727,-167.00000000000603,sell,1.15749,1.15916,222.00000000001106,2,147486.02383025768
2018-06-18 07:00:00,2018-06-18 09:00:00,1000000.0,1441.666666666647,-158.999999999998,buy,1.15885,1.15726,192.99999999999872,2,148936.02383025765
2018-06-18 23:00:00,2018-06-19 07:00:00,10000.0,42.066666666667174,-438.000000000005,sell,1.15836,1.16274,601.9999999999914,8,148978.42383025764
2018-06-19 07:00:00,2018-06-19 09:00:00,10000.0,23.116666666667957,-246.00000000001285,sell,1.1554,1.1578600000000001,429.0000000000127,2,149001.62383025762
2018-06-19 09:00:00,2018-06-19 16:00:00,10000.0,23.408333333333456,-251.0000000000012,buy,1.15763,1.15512,434.99999999998533,7,149025.3238302576
2018-06-25 04:00:00,2018-06-25 07:00:00,1000000.0,1797.4999999998963,-194.9999999999896,sell,1.16311,1.16506,247.99999999998155,3,150835.3238302575
2018-06-25 09:00:00,2018-06-25 12:00:00,1000000.0,3527.4999999999054,-367.9999999999905,buy,1.16865,1.16497,475.9999999999875,3,154375.32383025737
2018-06-25 22:00:00,2018-06-26 09:00:00,10000.0,25.84166666666828,-277.0000000000161,sell,1.16729,1.17006,469.00000000000824,11,154401.62383025733
2018-06-26 10:00:00,2018-06-26 18:00:00,10000.0,23.666666666666536,-253.99999999999866,sell,1.16426,1.1668,412.99999999999665,8,154425.6238302573
2018-06-26 19:00:00,2018-06-27 07:00:00,10000.0,18.29999999999911,-201.99999999999105,buy,1.16644,1.16442,253.99999999999866,12,154444.4238302573
2018-07-02 10:00:00,2018-07-02 13:00:00,1000000.0,2117.5000000004384,-227.00000000004383,sell,1.16176,1.1640300000000003,266.00000000001063,3,156574.42383025752
2018-07-02 18:00:00,2018-07-02 21:00:00,1000000.0,2417.4999999999613,-256.9999999999961,buy,1.16361,1.16104,276.9999999999939,3,159004.42383025747
2018-07-02 22:00:00,2018-07-03 08:00:00,10000.0,26.483333333334436,-283.00000000001097,buy,1.16683,1.164,487.9999999999995,10,159031.32383025746
2018-07-03 09:00:00,2018-07-04 02:00:00,10000.0,17.191666666666542,-192.99999999999872,buy,1.16729,1.16536,317.999999999996,17,159049.22383025746
2018-07-04 02:00:00,2018-07-04 08:00:00,10000.0,16.74999999999842,-183.99999999998417,sell,1.16511,1.16695,302.9999999999866,6,159066.22383025743
2018-07-09 11:00:00,2018-07-09 14:00:00,1000000.0,1967.4999999999,-211.99999999998997,sell,1.17598,1.1781,304.9999999999997,3,161046.22383025734
2018-07-09 22:00:00,2018-07-10 09:00:00,10000.0,20.341666666667777,-222.00000000001106,sell,1.17261,1.17483,358.9999999999982,11,161067.02383025736
2018-07-10 10:00:00,2018-07-10 15:00:00,10000.0,12.591666666666434,-141.99999999999767,buy,1.17186,1.17044,287.9999999999993,5,161079.82383025734
2018-07-10 16:00:00,2018-07-11 09:00:00,10000.0,20.19166666666621,-222.9999999999954,sell,1.1709,1.17313,402.9999999999978,17,161100.7238302573
2018-07-11 09:00:00,2018-07-11 13:00:00,10000.0,44.33333333333428,-459.0000000000094,buy,1.17501,1.17042,511.00000000001694,4,161145.22383025728
2018-07-16 03:00:00,2018-07-16 06:00:00,1000000.0,1497.5000000001514,-165.00000000001512,buy,1.17006,1.16841,189.0000000000169,3,162655.22383025743
2018-07-16 08:00:00,2018-07-16 11:00:00,1000000.0,1607.4999999999839,-175.99999999999835,buy,1.17141,1.16965,212.00000000001216,3,164275.2238302574
2018-07-16 22:00:00,2018-07-17 07:00:00,10000.0,19.925000000000054,-217.0000000000005,buy,1.17321,1.17104,314.00000000001427,9,164295.52383025736
2018-07-17 08:00:00,2018-07-17 11:00:00,10000.0,20.375000000001364,-219.0000000000136,sell,1.17177,1.1739600000000001,263.0000000000132,3,164316.02383025733
2018-07-17 11:00:00,2018-07-17 14:00:00,10000.0,16.67499999999933,-181.99999999999326,sell,1.16856,1.17038,234.00000000000085,3,164332.82383025732
2018-07-23 07:00:00,2018-07-23 09:00:00,1000000.0,2251.666666666624,-239.99999999999577,sell,1.17068,1.17308,272.00000000000557,2,166592.82383025726
2018-07-23 22:00:00,2018-07-24 07:00:00,10000.0,27.824999999998518,-295.99999999998516,sell,1.16599,1.16895,413.999999999981,9,166621.02383025724
2018-07-24 08:00:00,2018-07-24 11:00:00,10000.0,24.674999999998448,-261.9999999999844,buy,1.17112,1.1685,313.99999999999204,3,166645.8238302572
2018-07-24 11:00:00,2018-07-24 16:00:00,10000.0,24.191666666666936,-258.0000000000027,sell,1.16832,1.1709,331.9999999999989,5,166670.22383025716
2018-07-24 16:00:00,2018-07-25 10:00:00,10000.0,18.350000000001074,-205.00000000001071,buy,1.17026,1.16821,304.00000000001535,18,166689.32383025714
2018-07-30 06:00:00,2018-07-30 08:00:00,1000000.0,1041.666666666691,-119.00000000000243,buy,1.16674,1.16555,201.0000000000067,2,167739.32383025714
2018-07-30 11:00:00,2018-07-30 13:00:00,1000000.0,981.6666666667421,-113.00000000000753,buy,1.16933,1.1682,148.99999999999912,2,168729.3238302572
2018-07-30 22:00:00,2018-07-31 07:00:00,10000.0,11.225000000000788,-130.00000000000787,buy,1.1721300000000001,1.17083,223.00000000001762,9,168740.92383025718
2018-07-31 07:00:00,2018-07-31 11:00:00,10000.0,12.733333333333757,-143.00000000000423,buy,1.17305,1.1716199999999999,203.99999999998195,4,168753.82383025714
2018-07-31 11:00:00,2018-07-31 14:00:00,10000.0,26.575000000002014,-281.0000000000201,sell,1.1705699999999999,1.17338,398.00000000000944,3,168780.52383025712
2018-08-06 08:00:00,2018-08-06 11:00:00,1000000.0,1677.4999999999982,-182.9999999999998,sell,1.15381,1.15564,258.0000000000027,3,170470.5238302571
2018-08-06 13:00:00,2018-08-06 15:00:00,1000000.0,1131.6666666666147,-127.99999999999477,buy,1.15564,1.15436,137.99999999999366,2,171610.52383025704
2018-08-06 22:00:00,2018-08-07 07:00:00,10000.0,20.42500000000111,-222.00000000001106,buy,1.15788,1.15566,280.9999999999979,9,171631.32383025705
2018-08-07 07:00:00,2018-08-07 10:00:00,10000.0,10.875000000001299,-124.00000000001297,buy,1.15897,1.15773,171.00000000001003,3,171642.32383025702
2018-08-07 11:00:00,2018-08-07 18:00:00,10000.0,14.008333333334047,-157.00000000000713,sell,1.15849,1.16006,228.00000000000597,7,171656.62383025698
2018-08-13 10:00:00,2018-08-13 13:00:00,1000000.0,3397.500000000164,-354.9999999999942,buy,1.14149,1.13794,439.9999999999959,3,175066.62383025713
2018-08-13 13:00:00,2018-08-13 16:00:00,1000000.0,2887.499999999932,-303.9999999999931,sell,1.13959,1.14263,361.9999999999956,3,177966.62383025707
2018-08-13 23:00:00,2018-08-14 07:00:00,10000.0,20.7666666666653,-224.9999999999863,buy,1.14231,1.14006,290.9999999999968,8,177987.72383025705
2018-08-14 07:00:00,2018-08-14 09:00:00,10000.0,33.4166666666666,-348.99999999999926,sell,1.13859,1.14208,432.0000000000101,2,178021.22383025702
2018-08-14 09:00:00,2018-08-14 14:00:00,10000.0,18.291666666668252,-199.0000000000158,sell,1.13831,1.1403,348.99999999999926,5,178039.72383025702
2018-08-20 14:00:00,2018-08-20 17:00:00,1000000.0,2347.499999999947,-249.99999999999466,buy,1.14571,1.14321,259.9999999999936,3,180399.72383025696
2018-08-20 22:00:00,2018-08-21 01:00:00,10000.0,27.174999999999283,-286.9999999999928,buy,1.15208,1.14921,360.9999999999891,3,180427.02383025692
2018-08-21 03:00:00,2018-08-21 13:00:00,10000.0,16.58333333333175,-183.99999999998417,sell,1.15043,1.15227,346.9999999999862,10,180444.0238302569
2018-08-21 13:00:00,2018-08-21 17:00:00,10000.0,32.63333333333313,-341.99999999999784,buy,1.1558,1.15238,458.99999999998715,4,180476.82383025685
2018-08-21 17:00:00,2018-08-21 20:00:00,10000.0,18.87500000000042,-204.00000000000415,sell,1.157,1.15904,304.9999999999997,3,180495.82383025682
2018-08-26 21:00:00,2018-08-27 00:00:00,1000000.0,1917.5000000000164,-207.00000000000162,buy,1.16433,1.16226,217.0000000000005,3,182425.82383025682
2018-08-27 10:00:00,2018-08-27 12:00:00,1000000.0,1581.666666666676,-173.0000000000009,buy,1.16277,1.16104,182.9999999999998,2,184015.82383025682
2018-08-27 12:00:00,2018-08-27 15:00:00,1000000.0,2927.499999999972,-307.99999999999716,buy,1.1669,1.16382,363.00000000000216,3,186955.8238302568
2018-08-28 00:00:00,2018-08-28 03:00:00,10000.0,12.875000000001078,-144.00000000001077,sell,1.16757,1.16901,161.0000000000111,3,186968.82383025676
2018-08-28 03:00:00,2018-08-28 09:00:00,10000.0,13.950000000000058,-156.00000000000057,buy,1.16901,1.16745,282.00000000000443,6,186983.02383025674
2018-09-03 12:00:00,2018-09-03 15:00:00,1000000.0,1707.5000000004168,-186.00000000004167,buy,1.1626,1.1607399999999997,233.0000000000165,3,188703.02383025692
2018-09-03 22:00:00,2018-09-04 01:00:00,10000.0,9.874999999999188,-113.99999999999187,sell,1.16039,1.16153,131.99999999999878,3,188713.0238302569
2018-09-04 01:00:00,2018-09-04 07:00:00,10000.0,20.650000000001764,-223.00000000001762,sell,1.15783,1.16006,324.00000000001313,6,188733.92383025688
2018-09-04 07:00:00,2018-09-04 14:00:00,10000.0,22.208333333332256,-238.9999999999892,sell,1.15443,1.15682,265.99999999998846,7,188756.42383025686
2018-09-04 14:00:00,2018-09-04 17:00:00,10000.0,21.374999999999034,-228.9999999999903,buy,1.15784,1.15555,279.99999999999136,3,188777.92383025686
2018-09-10 05:00:00,2018-09-10 07:00:00,1000000.0,1471.6666666666215,-161.99999999999548,sell,1.15334,1.15496,202.9999999999976,2,190257.9238302568
2018-09-10 10:00:00,2018-09-10 13:00:00,1000000.0,2277.500000000154,-243.0000000000154,buy,1.16013,1.1577,334.00000000001205,3,192547.92383025694
2018-09-11 00:00:00,2018-09-11 06:00:00,10000.0,20.050000000000054,-217.0000000000005,buy,1.1611,1.15893,340.00000000000693,6,192568.22383025693
2018-09-11 07:00:00,2018-09-11 09:00:00,10000.0,12.216666666665379,-136.99999999998712,sell,1.16145,1.16282,194.9999999999896,2,192580.52383025692
2018-09-11 09:00:00,2018-09-11 13:00:00,10000.0,14.733333333333537,-163.00000000000202,sell,1.15782,1.15945,181.99999999999326,4,192595.42383025688
2018-09-17 06:00:00,2018-09-17 08:00:00,1000000.0,1351.6666666667236,-150.00000000000568,buy,1.16443,1.16293,269.0000000000081,2,193955.42383025694
2018-09-17 10:00:00,2018-09-17 13:00:00,1000000.0,1907.499999999951,-205.99999999999505,buy,1.16828,1.16622,266.999999999995,3,195875.42383025688
2018-09-17 21:00:00,2018-09-17 23:00:00,1000000.0,1071.6666666666656,-121.99999999999987,sell,1.16709,1.16831,167.00000000000603,2,196955.42383025688
2018-09-17 23:00:00,2018-09-18 04:00:00,10000.0,23.29166666666548,-248.9999999999881,buy,1.16939,1.1669,265.99999999998846,5,196978.92383025688
2018-09-18 06:00:00,2018-09-18 08:00:00,10000.0,14.216666666667379,-157.00000000000713,sell,1.16824,1.16981,174.00000000000747,2,196993.22383025687
2018-09-24 06:00:00,2018-09-24 09:00:00,1000000.0,2767.5000000000337,-292.00000000000335,buy,1.17659,1.17367,320.99999999999346,3,199773.22383025687
2018-09-24 11:00:00,2018-09-24 14:00:00,1000000.0,3127.4999999999495,-327.99999999999494,buy,1.1797,1.17642,482.0000000000046,3,202913.22383025681
2018-09-24 14:00:00,2018-09-24 17:00:00,1000000.0,1907.499999999951,-205.99999999999505,sell,1.17653,1.17859,258.0000000000027,3,204833.2238302568
2018-09-25 01:00:00,2018-09-25 07:00:00,10000.0,15.75000000000075,-174.00000000000747,buy,1.17595,1.17421,293.0000000000099,6,204849.2238302568
2018-09-25 08:00:00,2018-09-25 12:00:00,10000.0,17.23333333333215,-187.99999999998815,buy,1.178,1.17612,228.9999999999903,4,204866.62383025678
2018-10-01 06:00:00,2018-10-01 08:00:00,1000000.0,1191.6666666665635,-133.99999999998968,buy,1.15946,1.15812,214.9999999999874,2,206066.62383025666
2018-10-01 12:00:00,2018-10-01 15:00:00,1000000.0,2227.5000000000487,-238.00000000000486,sell,1.15845,1.16083,259.0000000000092,3,208306.6238302567
2018-10-01 22:00:00,2018-10-02 06:00:00,10000.0,25.266666666668137,-270.00000000001467,sell,1.15481,1.15751,314.00000000001427,8,208332.2238302567
2018-10-02 06:00:00,2018-10-02 09:00:00,10000.0,19.87500000000031,-214.00000000000307,sell,1.1515,1.15364,319.0000000000026,3,208352.22383025667
2018-10-02 09:00:00,2018-10-02 13:00:00,10000.0,19.733333333332986,-212.9999999999965,buy,1.15371,1.15158,303.0000000000088,4,208372.12383025663
2018-10-08 05:00:00,2018-10-08 08:00:00,1000000.0,1657.4999999998672,-180.9999999999867,sell,1.14911,1.15092,215.99999999999395,3,210042.1238302565
2018-10-08 22:00:00,2018-10-09 07:00:00,10000.0,14.525000000000203,-163.00000000000202,sell,1.14745,1.14908,274.9999999999808,9,210057.02383025645
2018-10-09 07:00:00,2018-10-09 10:00:00,10000.0,19.175000000000164,-207.00000000000162,sell,1.14521,1.14728,282.00000000000443,3,210076.32383025644
2018-10-09 11:00:00,2018-10-09 15:00:00,10000.0,30.933333333333085,-324.9999999999975,buy,1.14675,1.1435,360.9999999999891,4,210107.42383025642
2018-10-09 15:00:00,2018-10-10 00:00:00,10000.0,20.42500000000111,-222.00000000001106,buy,1.15033,1.14811,279.000000000007,9,210128.22383025638
2018-10-15 07:00:00,2018-10-15 10:00:00,1000000.0,1617.4999999998272,-176.99999999998272,buy,1.15854,1.15677,283.99999999999534,3,211758.2238302562
2018-10-15 10:00:00,2018-10-15 12:00:00,1000000.0,1441.666666666647,-158.999999999998,sell,1.15811,1.1597,173.0000000000009,2,213208.22383025617
2018-10-15 12:00:00,2018-10-15 15:00:00,1000000.0,1707.4999999999727,-185.99999999999727,sell,1.15852,1.16038,205.99999999999505,3,214928.22383025615
2018-10-16 00:00:00,2018-10-16 03:00:00,10000.0,13.374999999999913,-148.99999999999912,sell,1.15738,1.15887,170.9999999999878,3,214941.72383025612
2018-10-16 03:00:00,2018-10-16 08:00:00,10000.0,14.49166666666778,-161.0000000000111,buy,1.15921,1.1576,269.0000000000081,5,214956.4238302561
2018-10-22 04:00:00,2018-10-22 07:00:00,1000000.0,2807.5000000000737,-296.00000000000733,buy,1.15412,1.15116,334.00000000001205,3,217776.42383025616
2018-10-22 07:00:00,2018-10-22 09:00:00,1000000.0,1331.6666666668145,-148.00000000001478,sell,1.15156,1.15304,173.0000000000009,2,219116.4238302563
2018-10-23 08:00:00,2018-10-23 10:00:00,10000.0,13.516666666667234,-150.00000000000568,buy,1.14823,1.14673,197.0000000000027,2,219130.02383025628
2018-10-23 11:00:00,2018-10-23 15:00:00,10000.0,16.133333333333827,-177.00000000000492,sell,1.14599,1.1477600000000001,224.9999999999863,4,219146.32383025627
2018-10-23 15:00:00,2018-10-24 02:00:00,10000.0,13.64166666666829,-155.00000000001623,sell,1.14644,1.14799,247.0000000000194,11,219160.42383025622
2018-10-29 07:00:00,2018-10-29 09:00:00,1000000.0,2191.666666666675,-234.00000000000085,sell,1.13836,1.1407,270.999999999999,2,221360.42383025622
2018-10-29 11:00:00,2018-10-29 14:00:00,1000000.0,2057.5000000000455,-221.00000000000452,sell,1.13706,1.13927,268.00000000000153,3,223430.42383025624
2018-10-29 22:00:00,2018-10-30 12:00:00,10000.0,22.016666666666246,-239.99999999999577,sell,1.13469,1.13709,405.9999999999952,14,223453.02383025625
2018-10-30 12:00:00,2018-10-30 17:00:00,10000.0,14.591666666668434,-162.00000000001768,sell,1.13529,1.13691,284.00000000001756,5,223467.82383025624
2018-10-30 17:00:00,2018-10-31 13:00:00,10000.0,22.066666666668212,-243.0000000000154,sell,1.13228,1.13471,368.00000000001273,20,223490.72383025626
2018-11-05 12:00:00,2018-11-05 15:00:00,1000000.0,2687.5000000001755,-284.00000000001756,buy,1.13969,1.13685,327.0000000000106,3,226190.7238302564
2018-11-05 16:00:00,2018-11-05 19:00:00,1000000.0,2587.4999999999645,-273.9999999999964,buy,1.14201,1.13927,304.9999999999997,3,228790.72383025635
2018-11-05 22:00:00,2018-11-06 14:00:00,10000.0,16.13333333333266,-181.99999999999326,buy,1.14261,1.14079,351.9999999999967,16,228807.52383025628
2018-11-06 14:00:00,2018-11-07 00:00:00,10000.0,19.58333333333364,-214.00000000000307,buy,1.14392,1.14178,337.99999999999386,10,228827.52383025625
2018-11-07 00:00:00,2018-11-07 02:00:00,10000.0,42.71666666666535,-441.9999999999868,sell,1.14199,1.14641,522.9999999999845,2,228870.32383025624
2018-11-12 04:00:00,2018-11-12 07:00:00,1000000.0,4697.500000000243,-485.0000000000243,sell,1.12732,1.1321700000000003,495.9999999999853,3,233580.32383025627
2018-11-12 13:00:00,2018-11-12 16:00:00,1000000.0,1797.5000000001182,-195.00000000001182,sell,1.12509,1.12704,215.0000000000096,3,235390.32383025638
2018-11-12 19:00:00,2018-11-12 22:00:00,1000000.0,1957.5000000000564,-211.0000000000056,sell,1.12178,1.12389,246.99999999999721,3,237360.3238302564
2018-11-12 22:00:00,2018-11-13 02:00:00,10000.0,13.333333333333247,-148.99999999999912,buy,1.1234,1.12191,158.999999999998,4,237373.82383025638
2018-11-13 02:00:00,2018-11-13 07:00:00,10000.0,14.491666666665559,-160.99999999998892,buy,1.12503,1.12342,187.99999999998815,5,237388.52383025634
2018-11-19 13:00:00,2018-11-19 16:00:00,1000000.0,2067.4999999998886,-221.99999999998886,buy,1.14513,1.14291,283.99999999999534,3,239468.52383025622
2018-11-20 07:00:00,2018-11-20 09:00:00,10000.0,22.316666666667157,-238.00000000000486,sell,1.1432,1.14558,400.00000000000034,2,239490.9238302562
2018-11-20 09:00:00,2018-11-20 14:00:00,10000.0,17.491666666667452,-191.00000000000782,sell,1.14072,1.14263,314.9999999999986,5,239508.62383025617
2018-11-20 14:00:00,2018-11-20 18:00:00,10000.0,19.63333333333233,-211.99999999998997,sell,1.13758,1.1397,371.99999999999454,4,239528.42383025616
2018-11-20 18:00:00,2018-11-21 07:00:00,10000.0,23.758333333335166,-257.0000000000183,buy,1.13911,1.1365399999999999,329.0000000000015,13,239552.72383025615
2018-11-26 02:00:00,2018-11-26 05:00:00,1000000.0,1347.4999999998347,-149.99999999998346,buy,1.13438,1.13288,160.00000000000458,3,240912.72383025617
2018-11-26 06:00:00,2018-11-26 09:00:00,1000000.0,1447.500000000046,-160.00000000000458,buy,1.13689,1.13529,185.99999999999727,3,242372.7238302562
2018-11-26 13:00:00,2018-11-26 16:00:00,1000000.0,2167.4999999998777,-231.99999999998775,sell,1.13402,1.13634,262.00000000000665,3,244552.7238302561
2018-11-26 22:00:00,2018-11-27 08:00:00,10000.0,14.183333333331571,-159.99999999998238,sell,1.13125,1.13285,304.9999999999997,10,244567.32383025606
2018-11-27 09:00:00,2018-11-27 13:00:00,10000.0,14.733333333333537,-163.00000000000202,buy,1.13263,1.131,178.99999999999582,4,244582.22383025603
2018-12-03 08:00:00,2018-12-03 11:00:00,1000000.0,2727.4999999999936,-287.9999999999993,sell,1.1339,1.13678,311.00000000001677,3,247322.22383025603
2018-12-03 13:00:00,2018-12-03 15:00:00,1000000.0,1921.666666666683,-207.00000000000162,buy,1.13453,1.13246,222.00000000001106,2,249252.22383025603
2018-12-03 22:00:00,2018-12-04 04:00:00,10000.0,12.649999999998203,-142.999999999982,buy,1.13685,1.13542,188.9999999999947,6,249265.12383025602
2018-12-04 04:00:00,2018-12-04 10:00:00,10000.0,29.350000000001028,-310.00000000001023,buy,1.1409,1.1378,390.0000000000014,6,249294.72383025603
2018-12-04 10:00:00,2018-12-04 14:00:00,10000.0,12.733333333333757,-143.00000000000423,sell,1.13901,1.1404400000000001,268.00000000000153,4,249307.623830256
2018-12-09 23:00:00,2018-12-10 02:00:00,1000000.0,3337.499999999993,-348.99999999999926,buy,1.14351,1.14002,361.9999999999956,3,252657.62383025597
2018-12-10 13:00:00,2018-12-10 16:00:00,1000000.0,3207.5000000000296,-336.00000000000296,sell,1.13757,1.14093,387.000000000004,3,255877.623830256
2018-12-10 22:00:00,2018-12-11 05:00:00,10000.0,15.008333333333937,-167.00000000000603,buy,1.13672,1.13505,178.99999999999582,7,255892.92383025598
2018-12-11 05:00:00,2018-12-11 11:00:00,10000.0,13.950000000000058,-156.00000000000057,buy,1.13864,1.13708,287.9999999999993,6,255907.12383025597
2018-12-11 11:00:00,2018-12-11 14:00:00,10000.0,19.774999999999654,-212.9999999999965,sell,1.13703,1.13916,258.0000000000027,3,255927.02383025593
2018-12-17 08:00:00,2018-12-17 11:00:00,1000000.0,1247.4999999998458,-139.99999999998457,buy,1.13377,1.13237,157.99999999999147,3,257187.02383025576
2018-12-17 22:00:00,2018-12-18 09:00:00,10000.0,18.24166666666512,-200.9999999999845,buy,1.13678,1.13477,318.9999999999804,11,257205.72383025577
2018-12-18 09:00:00,2018-12-18 12:00:00,10000.0,14.275000000001368,-158.00000000001367,buy,1.1392200000000001,1.13764,187.0000000000038,3,257220.12383025573
2018-12-18 12:00:00,2018-12-18 15:00:00,10000.0,11.075000000000388,-126.00000000000388,sell,1.13657,1.1378300000000001,205.99999999999505,3,257231.32383025571
2018-12-18 15:00:00,2018-12-19 01:00:00,10000.0,14.683333333332627,-164.99999999999292,buy,1.13814,1.13649,317.999999999996,10,257246.4238302557
2018-12-24 07:00:00,2018-12-24 09:00:00,1000000.0,1831.6666666665376,-197.99999999998707,buy,1.1398,1.13782,244.9999999999841,2,259086.42383025555
2018-12-24 12:00:00,2018-12-24 15:00:00,1000000.0,2137.500000000125,-229.0000000000125,buy,1.14263,1.14034,276.00000000000955,3,261236.42383025566
2018-12-24 20:00:00,2018-12-27 01:00:00,65000.0,196.1374999999932,-316.9999999999895,sell,1.13704,1.14021,422.99999999999557,3,261433.37383025567
2018-12-27 01:00:00,2018-12-27 10:00:00,147500.0,246.6937500000191,-185.0000000000129,buy,1.13928,1.13743,219.0000000000136,9,261685.59883025568
2018-12-27 10:00:00,2018-12-27 13:00:00,395000.0,1259.06249999996,-333.9999999999898,sell,1.1368,1.14014,407.00000000000176,3,262949.5988302556
2018-12-31 12:00:00,2018-12-31 15:00:00,1000000.0,1837.4999999999363,-198.9999999999936,sell,1.14354,1.14553,208.9999999999925,3,264799.59883025556
2018-12-31 20:00:00,2019-01-02 06:00:00,10000.0,18.066666666665377,-197.99999999998707,buy,1.14766,1.14568,344.9999999999953,8,264817.9988302555
2019-01-02 06:00:00,2019-01-02 09:00:00,10000.0,33.77500000000033,-353.0000000000033,sell,1.14488,1.14841,435.00000000000756,3,264851.89883025555
2019-01-02 09:00:00,2019-01-02 13:00:00,10000.0,25.333333333331925,-268.9999999999859,sell,1.14053,1.14322,356.99999999998505,4,264877.3988302555
2019-01-02 13:00:00,2019-01-02 18:00:00,10000.0,32.6916666666671,-343.0000000000044,sell,1.1336,1.13703,390.0000000000014,5,264910.29883025546
2019-01-07 06:00:00,2019-01-07 08:00:00,1000000.0,1661.666666666756,-181.00000000000892,buy,1.14345,1.14164,253.0000000000143,2,266580.2988302555
2019-01-07 12:00:00,2019-01-07 14:00:00,1000000.0,1471.6666666666215,-161.99999999999548,buy,1.14563,1.14401,171.99999999999437,2,268060.29883025546
2019-01-07 22:00:00,2019-01-08 02:00:00,10000.0,23.63333333333411,-252.00000000000776,sell,1.1449,1.14742,351.9999999999967,4,268084.09883025545
2019-01-08 03:00:00,2019-01-08 12:00:00,10000.0,23.125000000001034,-249.00000000001032,buy,1.14643,1.14394,326.00000000000404,9,268107.5988302554
2019-01-08 12:00:00,2019-01-08 14:00:00,10000.0,18.816666666666432,-202.9999999999976,sell,1.14277,1.1448,217.0000000000005,2,268126.49883025535
2019-01-14 22:00:00,2019-01-15 02:00:00,10000.0,14.733333333333537,-163.00000000000202,buy,1.14829,1.14666,175.000000000014,4,268141.3988302554
2019-01-15 02:00:00,2019-01-15 09:00:00,10000.0,18.30833333333335,-200.00000000000017,sell,1.14614,1.14814,242.00000000000887,7,268159.99883025535
2019-01-15 12:00:00,2019-01-15 15:00:00,10000.0,21.374999999999034,-228.9999999999903,buy,1.14529,1.143,358.9999999999982,3,268181.4988302553
2019-01-15 15:00:00,2019-01-15 17:00:00,10000.0,43.11666666666797,-446.000000000013,sell,1.13926,1.14372,470.00000000001484,2,268224.69883025525
2019-01-15 17:00:00,2019-01-15 21:00:00,10000.0,20.83333333333353,-224.00000000000196,buy,1.14119,1.13895,305.999999999984,4,268245.69883025525
2019-01-21 22:00:00,2019-01-22 05:00:00,10000.0,7.008333333332597,-86.99999999999262,sell,1.13589,1.13676,131.99999999999878,7,268252.9988302552
2019-01-22 08:00:00,2019-01-22 14:00:00,10000.0,11.449999999999223,-130.9999999999922,sell,1.13463,1.13594,201.0000000000067,6,268264.69883025513
2019-01-22 14:00:00,2019-01-22 18:00:00,10000.0,9.833333333332522,-113.99999999999187,buy,1.13673,1.13559,137.00000000000932,4,268274.69883025513
2019-01-22 18:00:00,2019-01-22 21:00:00,10000.0,11.974999999999623,-134.99999999999622,sell,1.13531,1.13666,147.99999999999258,3,268286.7988302551
2019-01-22 21:00:00,2019-01-23 07:00:00,10000.0,8.083333333333798,-99.00000000000463,buy,1.13697,1.13598,120.99999999999332,10,268295.2988302551
2019-01-28 13:00:00,2019-01-28 16:00:00,1000000.0,1497.5000000001514,-165.00000000001512,buy,1.14342,1.14177,303.0000000000088,3,269805.2988302553
2019-01-29 01:00:00,2019-01-29 09:00:00,10000.0,12.366666666668,-141.00000000001333,buy,1.14396,1.14255,153.00000000000313,8,269817.9988302553
2019-01-29 09:00:00,2019-01-29 13:00:00,10000.0,13.733333333333647,-153.00000000000313,sell,1.14249,1.14402,208.00000000000816,4,269831.89883025526
2019-01-29 15:00:00,2019-01-29 20:00:00,10000.0,8.89166666666662,-104.99999999999953,buy,1.1427,1.14165,138.0000000000159,5,269840.9988302552
2019-01-30 01:00:00,2019-01-30 14:00:00,10000.0,10.358333333333977,-123.00000000000642,sell,1.14258,1.14381,239.0000000000114,13,269851.898830255
2019-02-04 12:00:00,2019-02-04 15:00:00,1000000.0,1767.4999999999218,-191.99999999999216,sell,1.14269,1.14461,238.00000000000486,3,271631.8988302549
2019-02-04 22:00:00,2019-02-05 08:00:00,10000.0,6.883333333332597,-86.99999999999262,sell,1.1425,1.14337,146.99999999998602,10,271639.1988302549
2019-02-05 08:00:00,2019-02-05 14:00:00,10000.0,11.549999999999878,-131.99999999999878,buy,1.14272,1.1414,153.00000000000313,6,271650.99883025483
2019-02-05 14:00:00,2019-02-05 22:00:00,10000.0,10.7666666666664,-124.99999999999733,sell,1.14002,1.14127,173.0000000000009,8,271662.09883025475
2019-02-05 22:00:00,2019-02-06 07:00:00,10000.0,11.924999999998713,-136.99999999998712,sell,1.13897,1.14034,190.00000000000125,9,271674.39883025474
2019-02-11 06:00:00,2019-02-11 09:00:00,1000000.0,1217.5000000000935,-137.00000000000932,sell,1.13119,1.13256,151.00000000001222,3,272904.3988302548
2019-02-11 12:00:00,2019-02-11 15:00:00,1000000.0,1707.5000000001949,-186.00000000001947,sell,1.12922,1.13108,218.00000000000705,3,274624.39883025497
2019-02-12 01:00:00,2019-02-12 09:00:00,10000.0,12.466666666666434,-141.99999999999767,sell,1.12664,1.12806,232.99999999999432,8,274637.19883025484
2019-02-12 09:00:00,2019-02-12 11:00:00,10000.0,8.21666666666582,-96.99999999999153,buy,1.12845,1.12748,120.99999999999332,2,274645.49883025483
2019-02-12 11:00:00,2019-02-12 15:00:00,10000.0,9.333333333333687,-109.00000000000352,buy,1.12938,1.12829,141.00000000001333,4,274654.9988302548
2019-02-18 08:00:00,2019-02-18 11:00:00,1000000.0,1667.4999999999327,-181.99999999999326,buy,1.13263,1.13081,212.00000000001216,3,276334.9988302547
2019-02-18 14:00:00,2019-02-18 16:00:00,1000000.0,1161.666666666589,-130.9999999999922,sell,1.13073,1.13204,146.00000000000168,2,277504.9988302546
2019-02-18 22:00:00,2019-02-19 04:00:00,10000.0,11.350000000000788,-130.00000000000787,sell,1.12958,1.13088,173.0000000000009,6,277516.5988302546
2019-02-19 04:00:00,2019-02-19 09:00:00,10000.0,21.6916666666661,-232.99999999999432,buy,1.13202,1.12969,272.00000000000557,5,277538.49883025454
2019-02-19 09:00:00,2019-02-19 12:00:00,10000.0,16.574999999998674,-180.9999999999867,sell,1.12833,1.13014,303.9999999999931,3,277555.19883025455
2019-02-25 08:00:00,2019-02-25 11:00:00,1000000.0,1567.4999999999438,-171.99999999999437,buy,1.13624,1.13452,191.99999999999216,3,279135.1988302545
2019-02-25 17:00:00,2019-02-25 20:00:00,1000000.0,1317.5000000000823,-147.0000000000082,buy,1.13629,1.13482,188.00000000001037,3,280465.19883025455
2019-02-25 23:00:00,2019-02-26 07:00:00,10000.0,11.266666666667454,-130.00000000000787,sell,1.13502,1.13632,167.00000000000603,8,280476.7988302545
2019-02-26 07:00:00,2019-02-26 10:00:00,10000.0,14.075000000000058,-156.00000000000057,buy,1.13658,1.13502,207.00000000000162,3,280490.99883025454
2019-02-26 15:00:00,2019-02-26 17:00:00,10000.0,11.0166666666664,-124.99999999999733,buy,1.13717,1.13592,180.00000000000236,2,280502.0988302545
2019-03-04 06:00:00,2019-03-04 09:00:00,1000000.0,1947.499999999991,-209.99999999999906,sell,1.13432,1.13642,253.99999999999866,3,282462.09883025446
2019-03-04 13:00:00,2019-03-04 15:00:00,1000000.0,1361.666666666789,-151.00000000001222,sell,1.13262,1.13413,164.00000000000858,2,283832.0988302546
2019-03-04 22:00:00,2019-03-05 07:00:00,10000.0,9.225000000001009,-110.00000000001008,sell,1.13241,1.13351,138.0000000000159,9,283841.69883025443
2019-03-05 08:00:00,2019-03-05 11:00:00,10000.0,7.574999999999664,-90.99999999999663,sell,1.13249,1.1334,117.99999999999588,3,283849.3988302544
2019-03-05 11:00:00,2019-03-05 16:00:00,10000.0,23.791666666668757,-254.00000000002086,sell,1.13068,1.1332200000000001,311.00000000001677,5,283873.39883025433
2019-03-11 05:00:00,2019-03-11 08:00:00,1000000.0,1197.4999999999623,-134.99999999999622,buy,1.12472,1.12337,144.9999999999951,3,285083.3988302543
2019-03-11 13:00:00,2019-03-11 16:00:00,1000000.0,1887.5000000000418,-204.00000000000415,sell,1.12255,1.12459,231.0000000000034,3,286983.39883025433
2019-03-11 20:00:00,2019-03-11 23:00:00,1000000.0,1547.5000000000348,-170.00000000000347,buy,1.12616,1.12446,182.00000000001546,3,288543.3988302544
2019-03-11 23:00:00,2019-03-12 09:00:00,10000.0,19.483333333332986,-212.9999999999965,buy,1.12808,1.12595,302.9999999999866,10,288563.2988302544
2019-03-12 09:00:00,2019-03-12 12:00:00,10000.0,15.975000000001405,-175.000000000014,sell,1.1254,1.12715,232.00000000000995,3,288579.3988302544
2019-03-18 05:00:00,2019-03-18 08:00:00,1000000.0,1177.4999999998313,-132.99999999998312,buy,1.13482,1.13349,154.99999999999403,3,289769.39883025445
2019-03-18 14:00:00,2019-03-18 17:00:00,1000000.0,1127.499999999948,-127.99999999999477,sell,1.13301,1.13429,158.999999999998,3,290909.3988302544
2019-03-18 17:00:00,2019-03-18 20:00:00,1000000.0,1107.5000000000389,-126.00000000000388,buy,1.13406,1.1328,151.00000000001222,3,292029.3988302544
2019-03-18 22:00:00,2019-03-19 04:00:00,10000.0,9.550000000000098,-112.00000000000098,buy,1.13464,1.13352,133.00000000000531,6,292039.1988302544
2019-03-19 04:00:00,2019-03-19 09:00:00,10000.0,4.991666666665496,-65.99999999998829,buy,1.1353,1.13464,114.99999999999842,5,292044.3988302544
2019-03-25 22:00:00,2019-03-26 13:00:00,10000.0,23.37499999999987,-253.99999999999866,sell,1.12882,1.13136,371.0000000000102,15,292068.3988302544
2019-03-26 14:00:00,2019-03-26 16:00:00,10000.0,14.816666666666869,-163.00000000000202,sell,1.12797,1.1296,182.00000000001546,2,292083.29883025435
2019-03-26 16:00:00,2019-03-26 20:00:00,10000.0,15.433333333331461,-169.99999999998127,sell,1.12698,1.12868,242.9999999999932,4,292098.89883025433
2019-03-26 21:00:00,2019-03-27 02:00:00,10000.0,10.791666666665744,-123.99999999999078,sell,1.12559,1.12683,204.99999999998852,5,292109.89883025433
2019-03-27 02:00:00,2019-03-27 09:00:00,10000.0,15.908333333333173,-175.99999999999835,buy,1.12742,1.12566,279.000000000007,7,292126.0988302543
2019-04-01 08:00:00,2019-04-01 11:00:00,1000000.0,1087.499999999908,-123.99999999999078,sell,1.12318,1.12442,163.99999999998636,3,293226.09883025417
2019-04-01 12:00:00,2019-04-01 15:00:00,1000000.0,1107.5000000000389,-126.00000000000388,sell,1.12208,1.12334,231.0000000000034,3,294346.09883025417
2019-04-01 22:00:00,2019-04-02 15:00:00,10000.0,10.691666666668365,-128.00000000001697,sell,1.11919,1.12047,197.0000000000027,17,294357.4988302542
2019-04-02 15:00:00,2019-04-02 19:00:00,10000.0,7.933333333333397,-95.00000000000063,buy,1.11963,1.11868,112.00000000000098,4,294365.5988302541
2019-04-02 19:00:00,2019-04-03 01:00:00,10000.0,11.450000000001443,-131.00000000001444,buy,1.12148,1.1201699999999999,168.00000000001256,6,294377.29883025406
2019-04-08 10:00:00,2019-04-08 13:00:00,1000000.0,1467.4999999999548,-161.99999999999548,buy,1.12597,1.12435,191.99999999999216,3,295857.298830254
2019-04-08 22:00:00,2019-04-09 03:00:00,10000.0,6.091666666666041,-76.99999999999373,buy,1.12645,1.12568,95.99999999998498,5,295863.598830254
2019-04-09 05:00:00,2019-04-09 09:00:00,10000.0,12.933333333332847,-144.9999999999951,buy,1.12784,1.12639,228.00000000000597,4,295876.69883025397
2019-04-09 09:00:00,2019-04-09 20:00:00,10000.0,5.7416666666653855,-75.99999999998718,sell,1.1265,1.12726,187.0000000000038,11,295882.898830254
2019-04-09 20:00:00,2019-04-10 07:00:00,10000.0,5.741666666667606,-76.0000000000094,buy,1.12701,1.12625,151.99999999999656,11,295889.09883025393
2019-04-16 00:00:00,2019-04-16 02:00:00,10000.0,8.716666666666875,-102.00000000000207,sell,1.12938,1.1304,119.99999999998677,2,295897.8988302539
2019-04-16 02:00:00,2019-04-16 07:00:00,10000.0,5.9916666666653855,-75.99999999998718,buy,1.13065,1.12989,103.99999999999298,5,295904.0988302539
2019-04-16 07:00:00,2019-04-16 10:00:00,10000.0,15.87500000000075,-174.00000000000747,sell,1.12912,1.13086,221.00000000000452,3,295920.0988302539
2019-04-16 11:00:00,2019-04-16 13:00:00,10000.0,8.916666666668185,-104.00000000001518,sell,1.12974,1.1307800000000001,137.00000000000932,2,295929.0988302539
2019-04-16 13:00:00,2019-04-16 17:00:00,10000.0,8.533333333335108,-101.00000000001774,sell,1.1284399999999999,1.12945,210.00000000002126,4,295937.7988302538
2019-04-22 22:00:00,2019-04-23 01:00:00,10000.0,11.775000000000533,-133.00000000000531,sell,1.1245,1.12583,148.99999999999912,3,295949.6988302538
2019-04-23 07:00:00,2019-04-23 10:00:00,10000.0,7.675000000000319,-92.00000000000318,buy,1.12548,1.12456,133.00000000000531,3,295957.4988302537
2019-04-23 10:00:00,2019-04-23 13:00:00,10000.0,31.775000000000553,-333.0000000000055,sell,1.1218,1.12513,345.0000000000175,3,295989.3988302537
2019-04-23 14:00:00,2019-04-23 20:00:00,10000.0,14.050000000000713,-157.00000000000713,buy,1.1223,1.12073,233.0000000000165,6,296003.6988302537
2019-04-23 20:00:00,2019-04-24 01:00:00,10000.0,5.391666666668116,-70.0000000000145,sell,1.12181,1.1225100000000001,80.00000000001339,5,296009.29883025365
2019-04-29 13:00:00,2019-04-29 15:00:00,1000000.0,1221.6666666667602,-137.00000000000932,buy,1.11647,1.1151,164.00000000000858,2,297239.2988302537
2019-04-29 15:00:00,2019-04-29 17:00:00,1000000.0,1191.6666666670076,-134.00000000003408,buy,1.11795,1.1166099999999997,147.99999999999258,2,298439.2988302538
2019-04-29 22:00:00,2019-04-30 09:00:00,10000.0,18.441666666666432,-202.9999999999976,buy,1.1205,1.11847,297.00000000001387,11,298458.1988302538
2019-04-30 09:00:00,2019-04-30 14:00:00,10000.0,11.491666666665889,-130.9999999999922,buy,1.12239,1.12108,202.9999999999976,5,298469.89883025375
2019-04-30 14:00:00,2019-04-30 17:00:00,10000.0,7.775000000000974,-93.00000000000973,buy,1.12151,1.12058,181.00000000000892,3,298477.79883025377
2019-05-06 22:00:00,2019-05-07 05:00:00,10000.0,11.608333333333867,-133.00000000000531,buy,1.1212,1.11987,154.99999999999403,7,298489.6988302537
2019-05-07 05:00:00,2019-05-07 08:00:00,10000.0,14.974999999999293,-164.99999999999292,sell,1.11961,1.12126,212.9999999999965,3,298504.79883025365
2019-05-07 08:00:00,2019-05-07 12:00:00,10000.0,10.033333333333832,-116.00000000000497,sell,1.11833,1.11949,224.00000000000196,4,298514.9988302536
2019-05-07 15:00:00,2019-05-07 21:00:00,10000.0,10.050000000001154,-117.00000000001153,buy,1.119,1.1178299999999999,239.99999999999577,6,298525.2988302536
2019-05-07 22:00:00,2019-05-08 05:00:00,10000.0,9.708333333334743,-114.00000000001408,buy,1.12037,1.11923,158.999999999998,7,298535.2988302535
2019-05-13 10:00:00,2019-05-13 13:00:00,1000000.0,1917.5000000000164,-207.00000000000162,buy,1.1256,1.12353,283.99999999999534,3,300465.2988302535
2019-05-13 13:00:00,2019-05-13 15:00:00,1000000.0,871.6666666666875,-102.00000000000207,sell,1.1243,1.12532,151.99999999999656,2,301345.2988302535
2019-05-14 00:00:00,2019-05-14 13:00:00,10000.0,18.05833333333335,-200.00000000000017,sell,1.12147,1.12347,286.9999999999928,13,301363.8988302534
2019-05-14 13:00:00,2019-05-15 10:00:00,10000.0,7.5249999999998085,-97.99999999999808,sell,1.12001,1.12099,161.99999999999548,21,301372.2988302534
2019-05-15 10:00:00,2019-05-15 12:00:00,10000.0,11.516666666667454,-130.00000000000787,sell,1.11812,1.11942,144.00000000001077,2,301383.8988302534
2019-05-20 22:00:00,2019-05-21 05:00:00,10000.0,5.508333333333872,-72.00000000000539,sell,1.11594,1.11666,121.99999999999987,7,301389.6988302534
2019-05-21 06:00:00,2019-05-21 08:00:00,10000.0,3.316666666667026,-48.00000000000359,buy,1.11543,1.1149499999999999,81.99999999998208,2,301393.09883025335
2019-05-21 08:00:00,2019-05-21 13:00:00,10000.0,6.6916666666655304,-82.99999999998863,buy,1.1156,1.11477,124.99999999999733,5,301399.9988302533
2019-05-21 13:00:00,2019-05-21 15:00:00,10000.0,26.116666666665406,-275.9999999999873,buy,1.11784,1.11508,295.0000000000008,2,301426.19883025327
2019-05-22 01:00:00,2019-05-22 05:00:00,10000.0,5.6333333333316515,-71.99999999998319,sell,1.11559,1.11631,90.99999999999663,4,301431.99883025326
2019-05-27 05:00:00,2019-05-27 08:00:00,1000000.0,987.4999999999188,-113.99999999999187,sell,1.11969,1.12083,130.9999999999922,3,302431.99883025314
2019-05-27 22:00:00,2019-05-28 02:00:00,10000.0,5.333333333334127,-69.00000000000794,sell,1.1184399999999999,1.11913,113.00000000000753,4,302437.49883025314
2019-05-28 02:00:00,2019-05-28 09:00:00,10000.0,6.308333333332452,-79.99999999999119,buy,1.11907,1.11827,157.99999999999147,7,302444.0988302532
2019-05-28 09:00:00,2019-05-28 15:00:00,10000.0,12.549999999999768,-141.99999999999767,sell,1.11744,1.11886,200.00000000000017,6,302456.89883025317
2019-05-28 15:00:00,2019-05-28 17:00:00,10000.0,7.716666666666986,-92.00000000000318,sell,1.11657,1.11749,115.99999999998278,2,302464.69883025315
2019-06-03 06:00:00,2019-06-03 09:00:00,1000000.0,1217.4999999998713,-136.99999999998712,buy,1.1178,1.11643,167.99999999999037,3,303694.698830253
2019-06-03 11:00:00,2019-06-03 13:00:00,1000000.0,1081.6666666665092,-122.99999999998423,buy,1.11936,1.11813,132.99999999998312,2,304784.6988302528
2019-06-03 15:00:00,2019-06-03 18:00:00,1000000.0,3527.4999999999054,-367.9999999999905,buy,1.12418,1.1205,387.99999999998835,3,308324.6988302527
2019-06-03 18:00:00,2019-06-03 21:00:00,1000000.0,1437.4999999999802,-158.999999999998,sell,1.12415,1.12574,198.9999999999936,3,309774.69883025263
2019-06-03 22:00:00,2019-06-04 07:00:00,10000.0,15.324999999998782,-170.9999999999878,buy,1.12628,1.12457,195.99999999999616,9,309790.3988302526
2019-06-10 06:00:00,2019-06-10 08:00:00,1000000.0,1451.6666666667127,-160.00000000000458,sell,1.12936,1.13096,173.0000000000009,2,311250.39883025264
2019-06-10 22:00:00,2019-06-11 17:00:00,10000.0,10.508333333334377,-127.00000000001043,buy,1.1327800000000001,1.13151,271.0000000000212,19,311261.69883025246
2019-06-11 17:00:00,2019-06-12 13:00:00,10000.0,9.366666666667165,-116.00000000000497,sell,1.13194,1.1331,234.00000000000085,20,311271.8988302525
2019-06-12 13:00:00,2019-06-12 17:00:00,10000.0,14.633333333332882,-161.99999999999548,sell,1.12975,1.13137,278.00000000000045,4,311286.69883025246
2019-06-12 17:00:00,2019-06-13 13:00:00,10000.0,11.466666666665379,-136.99999999998712,sell,1.12789,1.12926,241.0000000000023,20,311298.9988302525
2019-06-17 09:00:00,2019-06-17 12:00:00,1000000.0,1537.4999999999693,-168.99999999999693,buy,1.12289,1.1212,185.99999999999727,3,312848.9988302525
2019-06-17 13:00:00,2019-06-17 15:00:00,1000000.0,1131.6666666666147,-127.99999999999477,sell,1.12242,1.1237,190.00000000000125,2,313988.99883025244
2019-06-17 15:00:00,2019-06-17 18:00:00,1000000.0,1177.5000000000534,-133.00000000000531,sell,1.12195,1.12328,180.00000000000236,3,315178.9988302525
2019-06-17 22:00:00,2019-06-18 03:00:00,10000.0,6.891666666666841,-85.00000000000173,buy,1.12304,1.12219,100.99999999999552,5,315186.0988302524
2019-06-18 05:00:00,2019-06-18 09:00:00,10000.0,43.83333333333322,-453.9999999999988,sell,1.11894,1.12348,529.0000000000016,4,315230.09883025236
2019-06-24 07:00:00,2019-06-24 10:00:00,1000000.0,1417.5000000000714,-157.00000000000713,buy,1.13924,1.13767,197.0000000000027,3,316660.0988302524
2019-06-25 00:00:00,2019-06-25 08:00:00,10000.0,10.266666666665344,-119.99999999998677,sell,1.1389,1.1401,225.0000000000085,8,316670.69883025234
2019-06-25 09:00:00,2019-06-25 13:00:00,10000.0,11.733333333333867,-133.00000000000531,buy,1.13926,1.1379299999999999,166.99999999998383,4,316682.5988302523
2019-06-25 13:00:00,2019-06-25 17:00:00,10000.0,24.03333333333451,-256.00000000001177,sell,1.13634,1.1389,348.99999999999926,4,316706.79883025226
2019-06-25 17:00:00,2019-06-26 03:00:00,10000.0,12.383333333333102,-141.99999999999767,sell,1.13551,1.13693,221.00000000000452,10,316719.59883025225
2019-07-01 03:00:00,2019-07-01 06:00:00,1000000.0,2077.5000000001764,-222.9999999999954,sell,1.13288,1.13511,238.9999999999892,3,318809.5988302524
2019-07-01 09:00:00,2019-07-01 11:00:00,1000000.0,1011.6666666664945,-115.99999999998278,buy,1.13356,1.1324,125.99999999998167,2,319829.59883025225
2019-07-01 12:00:00,2019-07-01 15:00:00,1000000.0,1827.4999999998709,-197.99999999998707,sell,1.13246,1.13444,239.99999999999577,3,321669.59883025236
2019-07-01 15:00:00,2019-07-01 18:00:00,1000000.0,1997.5000000000964,-215.0000000000096,sell,1.12838,1.13053,233.0000000000165,3,323679.5988302525
2019-07-01 22:00:00,2019-07-02 10:00:00,10000.0,16.999999999999474,-188.9999999999947,buy,1.13053,1.12864,307.0000000000128,12,323697.0988302524
2019-07-08 08:00:00,2019-07-08 11:00:00,1000000.0,1277.5000000000423,-143.00000000000423,sell,1.12155,1.12298,167.00000000000603,3,324987.0988302524
2019-07-08 22:00:00,2019-07-09 09:00:00,10000.0,13.241666666665669,-150.99999999999002,sell,1.11992,1.12143,190.00000000000125,11,325000.7988302524
2019-07-09 09:00:00,2019-07-10 07:00:00,10000.0,4.383333333332817,-66.99999999999484,buy,1.1211,1.12043,157.99999999999147,22,325006.0988302524
2019-07-10 07:00:00,2019-07-10 09:00:00,10000.0,7.516666666665675,-89.99999999999008,buy,1.12239,1.12149,99.99999999998897,2,325013.6988302524
2019-07-10 10:00:00,2019-07-10 13:00:00,10000.0,30.075000000000518,-316.0000000000051,buy,1.12487,1.12171,374.0000000000076,3,325043.8988302524
2019-07-15 09:00:00,2019-07-15 12:00:00,1000000.0,1197.4999999999623,-134.99999999999622,sell,1.12639,1.12774,194.9999999999896,3,326253.8988302524
2019-07-15 22:00:00,2019-07-16 08:00:00,10000.0,9.183333333334343,-110.00000000001008,sell,1.12485,1.12595,144.00000000001077,10,326263.49883025244
2019-07-16 08:00:00,2019-07-16 10:00:00,10000.0,9.516666666667675,-110.00000000001008,sell,1.12323,1.12433,127.00000000001043,2,326273.0988302524
2019-07-16 10:00:00,2019-07-16 16:00:00,10000.0,8.349999999998898,-99.99999999998897,sell,1.12118,1.12218,137.99999999999366,6,326281.6988302524
2019-07-16 17:00:00,2019-07-17 14:00:00,10000.0,6.524999999999919,-87.99999999999918,buy,1.12192,1.12104,201.0000000000067,21,326289.0988302524
2019-07-22 10:00:00,2019-07-22 12:00:00,1000000.0,981.66666666652,-112.99999999998532,sell,1.12088,1.12201,124.99999999999733,2,327279.09883025225
2019-07-22 22:00:00,2019-07-23 03:00:00,10000.0,5.691666666665641,-72.99999999998974,sell,1.11996,1.12069,86.99999999999262,5,327284.9988302522
2019-07-23 03:00:00,2019-07-23 09:00:00,10000.0,9.350000000001009,-110.00000000001008,sell,1.11825,1.11935,127.99999999999477,6,327294.5988302522
2019-07-23 09:00:00,2019-07-23 14:00:00,10000.0,13.09166666666749,-147.0000000000082,sell,1.11607,1.11754,236.00000000001396,5,327307.8988302521
2019-07-23 14:00:00,2019-07-24 19:00:00,10000.0,8.09166666666571,-106.99999999999042,sell,1.11362,1.11469,212.9999999999965,29,327317.1988302523
2019-07-29 13:00:00,2019-07-29 16:00:00,1000000.0,1307.5000000000168,-146.00000000000168,buy,1.11417,1.11271,164.00000000000858,3,328637.1988302523
2019-07-29 22:00:00,2019-07-30 02:00:00,10000.0,4.933333333331507,-64.99999999998174,sell,1.11383,1.11448,74.99999999998063,4,328642.2988302522
2019-07-30 04:00:00,2019-07-30 09:00:00,10000.0,6.091666666666041,-76.99999999999373,buy,1.11452,1.11375,136.99999999998712,5,328648.59883025213
2019-07-30 09:00:00,2019-07-30 13:00:00,10000.0,5.133333333335037,-67.00000000001704,buy,1.11525,1.11458,95.00000000000063,4,328653.8988302521
2019-07-30 14:00:00,2019-07-30 16:00:00,10000.0,6.016666666666951,-75.00000000000284,buy,1.11461,1.11386,85.00000000000173,2,328659.9988302521
2019-08-04 21:00:00,2019-08-05 01:00:00,1000000.0,1483.3333333336411,-164.00000000003078,buy,1.11242,1.1107799999999997,202.9999999999976,4,330159.9988302521
2019-08-05 06:00:00,2019-08-05 09:00:00,1000000.0,2167.4999999998777,-231.99999999998775,buy,1.11452,1.1122,314.9999999999986,3,332339.9988302519
2019-08-05 09:00:00,2019-08-05 11:00:00,1000000.0,1831.6666666667595,-198.00000000000927,buy,1.11691,1.11493,215.0000000000096,2,334179.998830252
2019-08-05 13:00:00,2019-08-05 16:00:00,1000000.0,1497.5000000001514,-165.00000000001512,buy,1.11952,1.11787,182.9999999999998,3,335689.99883025215
2019-08-05 20:00:00,2019-08-05 23:00:00,1000000.0,1837.4999999999363,-198.9999999999936,buy,1.12231,1.12032,248.9999999999881,3,337539.9988302521
2019-08-12 05:00:00,2019-08-12 08:00:00,1000000.0,3957.500000000058,-411.0000000000058,sell,1.11682,1.12093,421.00000000000466,3,341509.99883025215
2019-08-12 08:00:00,2019-08-12 11:00:00,1000000.0,1797.5000000001182,-195.00000000001182,buy,1.11958,1.11763,235.99999999999176,3,343319.99883025227
2019-08-12 11:00:00,2019-08-12 13:00:00,1000000.0,1711.6666666666395,-185.99999999999727,buy,1.12077,1.11891,211.0000000000056,2,345039.9988302522
2019-08-12 22:00:00,2019-08-13 03:00:00,10000.0,20.29166666666581,-218.99999999999142,sell,1.11915,1.12134,240.9999999999801,5,345060.4988302522
2019-08-13 03:00:00,2019-08-13 10:00:00,10000.0,13.608333333333647,-153.00000000000313,buy,1.12043,1.1189,207.00000000000162,7,345074.3988302522
2019-08-19 17:00:00,2019-08-19 20:00:00,1000000.0,1007.5000000000498,-116.00000000000497,sell,1.10768,1.10884,130.00000000000787,3,346094.3988302522
2019-08-20 00:00:00,2019-08-20 08:00:00,10000.0,8.96666666666793,-107.00000000001263,sell,1.10726,1.10833,154.00000000000966,8,346103.69883025216
2019-08-20 13:00:00,2019-08-20 15:00:00,10000.0,6.716666666667096,-82.00000000000429,buy,1.10879,1.10797,124.99999999999733,2,346110.49883025215
2019-08-20 15:00:00,2019-08-20 18:00:00,10000.0,9.774999999998533,-112.99999999998532,buy,1.11038,1.10925,147.99999999999258,3,346120.3988302521
2019-08-20 18:00:00,2019-08-21 19:00:00,10000.0,7.558333333332231,-99.99999999998897,sell,1.10863,1.10963,202.9999999999976,25,346128.9988302522
2019-08-26 05:00:00,2019-08-26 08:00:00,1000000.0,2017.5000000000055,-217.0000000000005,sell,1.11203,1.1142,320.99999999999346,3,348158.9988302522
2019-08-27 00:00:00,2019-08-27 20:00:00,10000.0,9.766666666667565,-120.00000000000898,sell,1.10899,1.11019,255.0000000000052,20,348169.5988302522
2019-08-27 20:00:00,2019-08-28 15:00:00,10000.0,10.008333333333322,-121.99999999999987,sell,1.10763,1.10885,211.0000000000056,19,348180.3988302522
2019-08-28 15:00:00,2019-08-29 12:00:00,10000.0,5.025000000001194,-73.00000000001194,sell,1.1074599999999999,1.10819,123.00000000000642,21,348186.29883025214
2019-08-29 14:00:00,2019-08-29 17:00:00,505000.0,534.0374999999663,-120.99999999999332,sell,1.10535,1.10656,131.99999999999878,3,348726.6488302522
2019-09-02 07:00:00,2019-09-02 10:00:00,1000000.0,1967.4999999999,-211.99999999998997,sell,1.09596,1.09808,275.000000000003,3,350706.64883025206
2019-09-02 22:00:00,2019-09-03 01:00:00,10000.0,9.974999999999843,-114.99999999999842,sell,1.09532,1.09647,126.00000000000388,3,350716.748830252
2019-09-03 02:00:00,2019-09-03 06:00:00,10000.0,11.233333333332812,-127.99999999999477,buy,1.09446,1.09318,137.99999999999366,4,350728.14883025194
2019-09-03 13:00:00,2019-09-03 15:00:00,10000.0,8.81666666666531,-102.99999999998643,buy,1.09577,1.09474,127.99999999999477,2,350737.0488302519
2019-09-03 15:00:00,2019-09-04 07:00:00,10000.0,10.133333333333322,-121.99999999999987,buy,1.09795,1.09673,185.99999999999727,16,350747.848830252
2019-09-09 10:00:00,2019-09-09 12:00:00,1000000.0,731.6666666666586,-87.99999999999918,buy,1.10348,1.1026,120.00000000000898,2,351487.848830252
2019-09-09 22:00:00,2019-09-10 12:00:00,10000.0,7.916666666667131,-99.00000000000463,sell,1.10371,1.1047,219.0000000000136,14,351496.348830252
2019-09-10 17:00:00,2019-09-11 08:00:00,10000.0,7.175000000000319,-92.00000000000318,sell,1.10342,1.10434,207.99999999998596,15,351504.14883025194
2019-09-11 08:00:00,2019-09-11 11:00:00,10000.0,14.275000000001368,-158.00000000001367,sell,1.10082,1.1024,190.00000000000125,3,351518.5488302519
2019-09-11 13:00:00,2019-09-11 17:00:00,10000.0,8.533333333332887,-100.99999999999552,buy,1.10055,1.09954,207.99999999998596,4,351527.24883025186
2019-09-16 08:00:00,2019-09-16 11:00:00,1000000.0,1727.500000000104,-188.00000000001037,sell,1.10391,1.10579,297.99999999999824,3,353267.248830252
2019-09-16 11:00:00,2019-09-16 14:00:00,1000000.0,1427.4999999999147,-157.99999999999147,sell,1.10125,1.10283,224.9999999999863,3,354707.24883025186
2019-09-16 22:00:00,2019-09-17 11:00:00,10000.0,16.358333333333317,-182.9999999999998,buy,1.10229,1.10046,331.9999999999989,13,354724.148830252
2019-09-17 11:00:00,2019-09-17 15:00:00,10000.0,21.23333333333393,-228.00000000000597,buy,1.10469,1.10241,268.9999999999859,4,354745.548830252
2019-09-17 15:00:00,2019-09-18 09:00:00,10000.0,17.550000000000274,-197.0000000000027,sell,1.10419,1.10616,331.9999999999989,18,354763.84883025195
2019-09-23 05:00:00,2019-09-23 08:00:00,1000000.0,5077.500000000068,-523.0000000000067,sell,1.09699,1.10222,550.000000000006,3,359853.848830252
2019-09-23 22:00:00,2019-09-24 13:00:00,10000.0,8.175000000000209,-102.00000000000207,buy,1.10051,1.09949,218.00000000000705,15,359862.6488302519
2019-09-24 13:00:00,2019-09-24 17:00:00,10000.0,13.933333333334957,-155.00000000001623,buy,1.10129,1.09974,195.00000000001182,4,359876.7488302519
2019-09-24 17:00:00,2019-09-25 02:00:00,10000.0,8.724999999999953,-104.99999999999953,sell,1.10021,1.10126,215.0000000000096,9,359885.84883025195
2019-09-25 02:00:00,2019-09-25 12:00:00,10000.0,18.78333333333284,-205.99999999999505,sell,1.09802,1.10008,245.0000000000063,10,359905.04883025185
2019-09-30 07:00:00,2019-09-30 10:00:00,1000000.0,1017.4999999998934,-116.99999999998933,sell,1.09217,1.09334,163.00000000000202,3,360935.04883025173
2019-09-30 10:00:00,2019-09-30 12:00:00,1000000.0,1021.6666666667821,-117.00000000001153,sell,1.09086,1.09203,141.00000000001333,2,361965.04883025185
2019-09-30 22:00:00,2019-10-01 03:00:00,10000.0,8.991666666667275,-106.00000000000608,sell,1.08866,1.08972,134.99999999999622,5,361974.24883025186
2019-10-01 03:00:00,2019-10-01 11:00:00,10000.0,8.96666666666793,-107.00000000001263,buy,1.0899,1.08883,203.0000000000198,8,361983.5488302518
2019-10-01 13:00:00,2019-10-01 15:00:00,10000.0,27.516666666667916,-290.00000000001245,buy,1.09149,1.08859,313.0000000000077,2,362011.14883025177
2019-10-07 06:00:00,2019-10-07 09:00:00,1000000.0,1187.500000000119,-134.00000000001188,sell,1.09645,1.09779,189.0000000000169,3,363211.1488302519
2019-10-07 10:00:00,2019-10-07 13:00:00,1000000.0,1607.4999999999839,-175.99999999999835,buy,1.09964,1.09788,208.9999999999925,3,364831.1488302519
2019-10-07 22:00:00,2019-10-08 07:00:00,10000.0,7.725000000000064,-95.00000000000063,buy,1.09816,1.09721,177.00000000000492,9,364839.2488302518
2019-10-08 08:00:00,2019-10-08 14:00:00,10000.0,12.950000000000168,-146.00000000000168,sell,1.09744,1.0989,211.0000000000056,6,364852.4488302518
2019-10-08 15:00:00,2019-10-09 00:00:00,10000.0,7.325000000001884,-91.00000000001883,buy,1.09583,1.09492,180.00000000000236,9,364860.14883025177
2019-10-14 07:00:00,2019-10-14 10:00:00,1000000.0,1597.4999999999184,-174.99999999999181,buy,1.10361,1.10186,209.99999999999906,3,366470.14883025165
2019-10-14 23:00:00,2019-10-15 07:00:00,10000.0,9.76666666666651,-114.99999999999842,buy,1.10377,1.10262,167.99999999999037,8,366480.2488302516
2019-10-15 07:00:00,2019-10-15 12:00:00,10000.0,11.391666666667454,-130.00000000000787,sell,1.10063,1.10193,236.9999999999983,5,366491.8488302516
2019-10-15 13:00:00,2019-10-15 15:00:00,10000.0,37.21666666666707,-387.000000000004,buy,1.10328,1.09941,402.9999999999978,2,366529.1488302516
2019-10-15 16:00:00,2019-10-16 07:00:00,10000.0,19.5749999999994,-215.99999999999395,buy,1.10448,1.10232,282.9999999999888,15,366549.34883025155
2019-10-21 12:00:00,2019-10-21 15:00:00,1000000.0,1167.499999999988,-131.99999999999878,sell,1.11462,1.11594,160.00000000000458,3,367729.34883025155
2019-10-21 22:00:00,2019-10-22 12:00:00,10000.0,7.216666666666986,-92.00000000000318,sell,1.11386,1.11478,176.99999999998272,14,367737.1488302515
2019-10-22 12:00:00,2019-10-22 16:00:00,10000.0,7.233333333333252,-87.99999999999918,buy,1.11361,1.11273,113.99999999999187,4,367744.54883025144
2019-10-22 17:00:00,2019-10-22 19:00:00,10000.0,17.416666666666142,-188.9999999999947,sell,1.11239,1.11428,296.00000000000733,2,367762.04883025144
2019-10-22 19:00:00,2019-10-23 04:00:00,10000.0,10.224999999998678,-119.99999999998677,sell,1.11179,1.11299,130.9999999999922,9,367772.64883025136
2019-10-28 22:00:00,2019-10-29 08:00:00,10000.0,10.283333333332667,-120.99999999999332,sell,1.10849,1.1097,170.00000000000347,10,367783.34883025143
2019-10-29 08:00:00,2019-10-29 11:00:00,10000.0,6.574999999999774,-80.99999999999774,buy,1.10879,1.10798,147.99999999999258,3,367790.0488302514
2019-10-29 11:00:00,2019-10-29 13:00:00,10000.0,9.716666666666764,-112.00000000000098,buy,1.10934,1.10822,133.00000000000531,2,367799.8488302514
2019-10-29 13:00:00,2019-10-29 15:00:00,10000.0,11.01666666666862,-125.00000000001953,buy,1.11088,1.10963,141.00000000001333,2,367810.94883025135
2019-10-29 16:00:00,2019-10-30 08:00:00,10000.0,8.033333333332887,-100.99999999999552,buy,1.11199,1.11098,156.00000000000057,16,367819.64883025136
2019-11-05 07:00:00,2019-11-05 11:00:00,10000.0,9.433333333334343,-110.00000000001008,sell,1.11222,1.11332,174.99999999999181,4,367829.24883025134
2019-11-05 11:00:00,2019-11-05 14:00:00,10000.0,15.074999999999948,-165.99999999999946,sell,1.10991,1.11157,177.00000000000492,3,367844.4488302513
2019-11-05 14:00:00,2019-11-05 16:00:00,10000.0,12.116666666666944,-136.00000000000279,sell,1.10727,1.10863,146.00000000000168,2,367856.64883025124
2019-11-05 16:00:00,2019-11-06 09:00:00,10000.0,14.291666666665304,-163.99999999998636,buy,1.10865,1.10701,234.00000000000085,17,367871.64883025124
2019-11-06 09:00:00,2019-11-06 12:00:00,10000.0,5.775000000001194,-73.00000000001194,sell,1.10825,1.10898,92.00000000000318,3,367877.5488302512
2019-11-11 11:00:00,2019-11-11 13:00:00,1000000.0,851.6666666667785,-100.00000000001118,buy,1.10369,1.10269,117.00000000001153,2,368737.5488302513
2019-11-11 22:00:00,2019-11-12 09:00:00,10000.0,4.041666666667571,-59.00000000000904,sell,1.10249,1.10308,130.00000000000787,11,368742.04883025127
2019-11-12 09:00:00,2019-11-12 11:00:00,10000.0,6.516666666668006,-80.00000000001339,sell,1.10232,1.10312,124.99999999999733,2,368748.64883025124
2019-11-12 11:00:00,2019-11-12 19:00:00,10000.0,7.3666666666663305,-90.99999999999663,sell,1.10071,1.10162,153.00000000000313,8,368756.3488302512
2019-11-12 19:00:00,2019-11-13 18:00:00,10000.0,8.14166666666662,-104.99999999999953,sell,1.09995,1.101,202.9999999999976,23,368765.4488302511
2019-11-18 13:00:00,2019-11-18 15:00:00,1000000.0,701.666666666684,-85.00000000000173,buy,1.10655,1.1057,106.99999999999042,2,369475.4488302511
2019-11-19 00:00:00,2019-11-19 07:00:00,10000.0,6.208333333334017,-79.00000000000684,buy,1.10771,1.10692,150.00000000000568,7,369481.9488302511
2019-11-19 07:00:00,2019-11-19 12:00:00,10000.0,5.791666666666296,-73.99999999999629,buy,1.1076,1.10686,120.99999999999332,5,369487.94883025106
2019-11-19 13:00:00,2019-11-20 07:00:00,10000.0,3.3499999999982837,-54.99999999998283,sell,1.10705,1.1076,129.00000000000134,18,369492.0488302511
2019-11-20 07:00:00,2019-11-20 09:00:00,10000.0,5.316666666666806,-68.00000000000139,sell,1.10604,1.10672,78.00000000000028,2,369497.44883025106
2019-11-25 07:00:00,2019-11-25 10:00:00,1000000.0,1297.4999999999513,-144.9999999999951,sell,1.10138,1.10283,177.99999999998926,3,370807.448830251
2019-11-25 23:00:00,2019-11-26 13:00:00,10000.0,5.116666666666551,-70.99999999999883,buy,1.10179,1.10108,112.00000000000098,14,370813.148830251
2019-11-26 14:00:00,2019-11-26 18:00:00,10000.0,5.033333333334382,-66.00000000001049,buy,1.10186,1.1012,121.00000000001553,4,370818.34883025096
2019-11-26 18:00:00,2019-11-27 04:00:00,10000.0,5.283333333333217,-70.99999999999883,sell,1.10139,1.1021,110.99999999999443,10,370824.0488302509
2019-11-27 04:00:00,2019-11-27 11:00:00,10000.0,3.608333333332528,-52.999999999991935,sell,1.10054,1.10107,82.99999999998863,7,370827.94883025094
2019-12-02 11:00:00,2019-12-02 13:00:00,1000000.0,821.666666666582,-96.99999999999153,buy,1.10185,1.10088,161.99999999999548,2,371657.9488302508
2019-12-02 13:00:00,2019-12-02 15:00:00,1000000.0,891.6666666665966,-103.99999999999298,buy,1.10435,1.10331,113.99999999999187,2,372557.9488302507
2019-12-02 22:00:00,2019-12-03 17:00:00,10000.0,8.508333333332377,-106.99999999999042,buy,1.10875,1.10768,220.9999999999823,19,372567.2488302507
2019-12-03 17:00:00,2019-12-04 05:00:00,10000.0,9.700000000000498,-116.00000000000497,sell,1.10751,1.10867,148.99999999999912,12,372577.44883025065
2019-12-04 08:00:00,2019-12-04 10:00:00,10000.0,7.716666666666986,-92.00000000000318,sell,1.1073,1.10822,143.00000000000423,2,372585.24883025064
2019-12-09 15:00:00,2019-12-09 18:00:00,1000000.0,877.4999999998643,-102.99999999998643,sell,1.10572,1.10675,170.00000000000347,3,373475.24883025046
2019-12-09 22:00:00,2019-12-10 09:00:00,10000.0,5.541666666666296,-73.99999999999629,buy,1.1072,1.10646,99.00000000000463,11,373481.24883025035
2019-12-10 10:00:00,2019-12-10 12:00:00,10000.0,3.816666666665861,-52.999999999991935,buy,1.10825,1.10772,73.99999999999629,2,373485.1488302503
2019-12-10 12:00:00,2019-12-10 16:00:00,10000.0,10.633333333333322,-121.99999999999987,buy,1.10883,1.10761,148.99999999999912,4,373495.9488302503
2019-12-10 16:00:00,2019-12-11 12:00:00,10000.0,4.566666666666805,-68.00000000000139,sell,1.10812,1.1088,158.999999999998,20,373501.34883025027
2019-12-16 13:00:00,2019-12-16 16:00:00,1000000.0,1337.4999999999914,-148.99999999999912,sell,1.11371,1.1152,204.00000000000415,3,374851.34883025027
2019-12-16 22:00:00,2019-12-17 10:00:00,10000.0,8.700000000000609,-106.00000000000608,buy,1.11484,1.11378,198.00000000000927,12,374860.5488302503
2019-12-17 12:00:00,2019-12-17 14:00:00,10000.0,20.116666666666067,-215.99999999999395,sell,1.11466,1.11682,246.99999999999721,2,374880.74883025023
2019-12-17 14:00:00,2019-12-18 03:00:00,10000.0,11.658333333333612,-136.00000000000279,sell,1.11363,1.11499,211.0000000000056,13,374892.9488302502
2019-12-18 03:00:00,2019-12-18 13:00:00,10000.0,7.783333333334052,-96.00000000000718,sell,1.11225,1.11321,195.99999999999616,10,374901.14883025014
2019-12-23 12:00:00,2019-12-23 15:00:00,1000000.0,927.49999999997,-107.99999999999697,buy,1.10857,1.10749,163.00000000000202,3,375841.1488302501
2019-12-23 22:00:00,2019-12-24 10:00:00,10000.0,11.400000000000533,-133.00000000000531,sell,1.10754,1.10887,178.99999999999582,12,375853.04883025005
2019-12-24 10:00:00,2019-12-24 13:00:00,10000.0,7.1749999999992635,-86.99999999999262,buy,1.10814,1.10727,130.9999999999922,3,375860.34883025003
2019-12-24 13:00:00,2019-12-24 16:00:00,10000.0,8.375000000000464,-99.00000000000463,buy,1.1088500000000001,1.10786,114.00000000001408,3,375868.84883025003
2019-12-24 16:00:00,2019-12-26 03:00:00,10000.0,4.424999999998429,-61.99999999998428,buy,1.10909,1.10847,113.99999999999187,9,375873.64883025
2019-12-29 23:00:00,2019-12-30 02:00:00,1000000.0,997.4999999999843,-114.99999999999842,buy,1.11931,1.11816,130.9999999999922,3,376883.64883025
2019-12-30 12:00:00,2019-12-30 15:00:00,1000000.0,1257.5000000001335,-141.00000000001333,buy,1.12043,1.11902,234.00000000000085,3,378153.64883025014
2019-12-30 15:00:00,2019-12-30 17:00:00,1000000.0,1151.6666666667456,-130.00000000000787,buy,1.12145,1.12015,141.99999999999767,2,379313.6488302502
2019-12-30 22:00:00,2019-12-31 02:00:00,10000.0,9.533333333332777,-110.99999999999443,buy,1.1211,1.11999,123.99999999999078,4,379323.34883025015
2019-12-31 03:00:00,2019-12-31 10:00:00,10000.0,6.508333333333762,-82.00000000000429,buy,1.12121,1.12039,107.00000000001263,7,379330.1488302501
2020-01-06 06:00:00,2020-01-06 09:00:00,1000000.0,1437.4999999999802,-158.999999999998,buy,1.11772,1.11613,181.00000000000892,3,380780.14883025
2020-01-06 12:00:00,2020-01-06 15:00:00,1000000.0,1127.499999999948,-127.99999999999477,sell,1.11837,1.11965,190.00000000000125,3,381920.14883024996
2020-01-06 22:00:00,2020-01-07 06:00:00,10000.0,8.36666666666622,-100.99999999999552,sell,1.11835,1.11936,131.99999999999878,8,381928.8488302499
2020-01-07 06:00:00,2020-01-07 14:00:00,10000.0,21.9666666666665,-236.9999999999983,sell,1.11565,1.11802,326.00000000000404,8,381951.1488302499
2020-01-07 15:00:00,2020-01-08 00:00:00,10000.0,8.024999999999809,-97.99999999999808,buy,1.1152,1.11422,191.00000000000782,9,381959.5488302498
2020-01-13 08:00:00,2020-01-13 10:00:00,1000000.0,951.6666666665454,-109.99999999998788,sell,1.11155,1.11265,200.00000000000017,2,382919.5488302497
2020-01-13 13:00:00,2020-01-13 16:00:00,1000000.0,1127.499999999948,-127.99999999999477,buy,1.1132,1.11192,150.00000000000568,3,384059.5488302496
2020-01-13 22:00:00,2020-01-14 13:00:00,10000.0,11.174999999999878,-131.99999999999878,sell,1.11204,1.11336,236.00000000001396,15,384071.34883024957
2020-01-14 13:00:00,2020-01-14 15:00:00,10000.0,7.916666666666075,-93.99999999999407,buy,1.11201,1.11107,163.00000000000202,2,384079.34883024957
2020-01-14 15:00:00,2020-01-15 05:00:00,10000.0,6.91666666666502,-88.99999999998353,buy,1.11316,1.11227,117.99999999999588,14,384086.8488302495
2020-01-20 06:00:00,2020-01-20 09:00:00,1000000.0,807.5000000000719,-96.00000000002939,sell,1.1089499999999997,1.10991,124.00000000003519,3,384906.84883024957
2020-01-21 00:00:00,2020-01-21 05:00:00,10000.0,3.691666666665861,-52.999999999991935,buy,1.10977,1.10924,95.00000000000063,5,384910.7488302496
2020-01-21 08:00:00,2020-01-21 11:00:00,10000.0,9.875000000001409,-114.00000000001408,buy,1.11023,1.10909,173.0000000000009,3,384920.74883024953
2020-01-21 13:00:00,2020-01-21 15:00:00,10000.0,7.416666666667241,-89.00000000000573,sell,1.11032,1.11121,100.99999999999552,2,384928.2488302495
2020-01-21 15:00:00,2020-01-21 21:00:00,10000.0,6.950000000000829,-86.00000000000828,sell,1.10876,1.10962,117.00000000001153,6,384935.4488302495
2020-01-27 07:00:00,2020-01-27 10:00:00,1000000.0,1017.5000000001155,-117.00000000001153,sell,1.10214,1.10331,156.00000000000057,3,385965.44883024954
2020-01-27 13:00:00,2020-01-27 15:00:00,1000000.0,661.666666666644,-80.99999999999774,sell,1.10177,1.10258,140.00000000000676,2,386635.4488302497
2020-01-27 22:00:00,2020-01-28 13:00:00,10000.0,8.374999999999298,-103.99999999999298,sell,1.1007,1.10174,177.00000000000492,15,386644.4488302497
2020-01-28 13:00:00,2020-01-28 20:00:00,10000.0,8.508333333333542,-102.00000000000207,buy,1.10161,1.10059,187.0000000000038,7,386653.24883024965
2020-01-28 20:00:00,2020-01-29 04:00:00,10000.0,4.566666666665751,-62.999999999990834,sell,1.10139,1.10202,131.99999999999878,8,386658.1488302496
2020-02-03 06:00:00,2020-02-03 09:00:00,1000000.0,1287.5000000001078,-144.00000000001077,sell,1.10666,1.1081,174.00000000000747,3,387958.14883024973
2020-02-03 12:00:00,2020-02-03 15:00:00,1000000.0,1497.4999999999293,-164.99999999999292,sell,1.10478,1.10643,184.9999999999907,3,389468.1488302496
2020-02-03 22:00:00,2020-02-04 13:00:00,10000.0,10.675000000001043,-127.00000000001043,sell,1.10445,1.10572,191.00000000000782,15,389479.44883024966
2020-02-04 13:00:00,2020-02-05 03:00:00,10000.0,6.0166666666657855,-79.99999999999119,sell,1.10349,1.10429,129.00000000000134,14,389486.0488302496
2020-02-05 08:00:00,2020-02-05 10:00:00,10000.0,12.616666666668,-141.00000000001333,sell,1.10265,1.10406,157.00000000000713,2,389498.74883024953
2020-02-10 11:00:00,2020-02-10 14:00:00,1000000.0,1297.4999999999513,-144.9999999999951,sell,1.09331,1.09476,191.00000000000782,3,390808.7488302495
2020-02-10 15:00:00,2020-02-10 18:00:00,1000000.0,1027.4999999999588,-117.99999999999588,sell,1.09108,1.09226,129.00000000000134,3,391848.7488302494
2020-02-11 10:00:00,2020-02-11 13:00:00,10000.0,5.975000000000284,-75.00000000000284,sell,1.09093,1.09168,107.99999999999697,3,391854.84883024934
2020-02-11 13:00:00,2020-02-11 15:00:00,10000.0,13.016666666666179,-144.9999999999951,buy,1.09185,1.0904,174.00000000000747,2,391867.9488302493
2020-02-11 15:00:00,2020-02-12 07:00:00,10000.0,6.133333333333762,-82.00000000000429,sell,1.09064,1.09146,174.99999999999181,16,391874.74883024936
2020-02-17 22:00:00,2020-02-18 01:00:00,10000.0,6.675000000000429,-82.00000000000429,sell,1.08264,1.08346,99.99999999998897,3,391881.5488302493
2020-02-18 03:00:00,2020-02-18 12:00:00,10000.0,4.625000000001959,-64.0000000000196,sell,1.08245,1.08309,121.99999999999987,9,391886.54883024935
2020-02-18 12:00:00,2020-02-18 14:00:00,10000.0,8.516666666665564,-99.99999999998897,sell,1.08027,1.08127,136.99999999998712,2,391895.1488302493
2020-02-18 14:00:00,2020-02-18 16:00:00,10000.0,11.4166666666668,-129.00000000000134,buy,1.08212,1.08083,143.99999999998857,2,391906.6488302493
2020-02-18 16:00:00,2020-02-18 19:00:00,10000.0,11.075000000000388,-126.00000000000388,sell,1.08006,1.08132,136.99999999998712,3,391917.8488302493
2020-02-24 12:00:00,2020-02-24 15:00:00,1000000.0,2717.499999999928,-286.9999999999928,buy,1.08476,1.08189,349.99999999998363,3,394647.8488302492
2020-02-24 17:00:00,2020-02-24 20:00:00,1000000.0,2427.500000000027,-258.0000000000027,sell,1.08436,1.08694,279.99999999999136,3,397087.8488302492
2020-02-25 01:00:00,2020-02-25 11:00:00,10000.0,17.38333333333255,-191.99999999999216,sell,1.08385,1.08577,285.0000000000019,10,397105.64883024927
2020-02-25 11:00:00,2020-02-25 16:00:00,10000.0,24.09166666666628,-256.9999999999961,buy,1.08629,1.08372,333.0000000000055,5,397129.94883024925
2020-02-25 16:00:00,2020-02-26 09:00:00,10000.0,19.491666666668287,-216.00000000001617,buy,1.08902,1.08686,284.00000000001756,17,397150.14883024915
2020-03-02 06:00:00,2020-03-02 08:00:00,1000000.0,1781.666666666654,-192.99999999999872,buy,1.10617,1.10424,226.9999999999994,2,398940.1488302493
2020-03-02 09:00:00,2020-03-02 12:00:00,1000000.0,3557.49999999988,-370.99999999998795,buy,1.11171,1.108,402.9999999999978,3,402510.1488302492
2020-03-02 14:00:00,2020-03-02 17:00:00,1000000.0,3417.500000000073,-357.0000000000073,buy,1.11615,1.11258,500.99999999999585,3,405940.14883024927
2020-03-02 19:00:00,2020-03-02 21:00:00,1000000.0,2491.6666666670862,-264.00000000004195,sell,1.1136,1.1162400000000003,274.00000000001864,2,408440.14883024944
2020-03-02 23:00:00,2020-03-03 09:00:00,10000.0,30.18333333333425,-320.00000000000915,sell,1.11107,1.11427,442.99999999999335,10,408470.7488302494
2020-03-08 21:00:00,2020-03-08 23:00:00,1000000.0,3561.6666666665465,-370.99999999998795,buy,1.13848,1.13477,463.9999999999977,2,412040.7488302493
2020-03-08 23:00:00,2020-03-09 02:00:00,1000000.0,3687.5000000000655,-384.00000000000654,buy,1.14256,1.13872,702.0000000000026,3,415740.74883024936
2020-03-09 05:00:00,2020-03-09 08:00:00,1000000.0,5337.4999999999945,-548.9999999999994,buy,1.14368,1.13819,563.0000000000024,3,421090.7488302493
2020-03-09 15:00:00,2020-03-09 17:00:00,1000000.0,4731.666666666662,-487.9999999999995,buy,1.1469,1.14202,556.0000000000009,2,425830.7488302493
2020-03-09 21:00:00,2020-03-10 00:00:00,1000000.0,4627.500000000006,-478.0000000000006,sell,1.13996,1.14474,577.9999999999895,3,430470.7488302493
2020-03-15 21:00:00,2020-03-16 01:00:00,1000000.0,6583.333333333301,-673.9999999999968,sell,1.11175,1.11849,764.9999999999934,4,437070.74883024924
2020-03-16 05:00:00,2020-03-16 08:00:00,1000000.0,5477.500000000024,-563.0000000000024,buy,1.11747,1.11184,588.999999999995,3,442560.74883024924
2020-03-16 08:00:00,2020-03-16 11:00:00,1000000.0,5647.500000000027,-580.0000000000027,sell,1.11659,1.12239,697.9999999999985,3,448220.7488302493
2020-03-16 12:00:00,2020-03-16 15:00:00,1000000.0,5967.5000000001255,-612.0000000000125,sell,1.11028,1.1164,649.0000000000106,3,454200.7488302494
2020-03-16 22:00:00,2020-03-17 09:00:00,10000.0,52.84166666666752,-547.0000000000085,sell,1.11113,1.1166,771.0000000000105,11,454254.04883024946
